week,market,product,spend_aed,conversions,sales_aed,impressions,channels_active,roas,aov_aed,cpa_aed
1,SEEG,Galaxy Buds3,"2,570",107,"39,806","121,926",1,15.49,372.02,24.02
1,SEEG,Galaxy S24,"104,045","2,803","1,005,286","1,338,247",6,9.66,358.65,37.12
1,SEEG,Galaxy Tab S10,"4,262",99,"26,079","117,905",1,6.12,263.42,43.05
1,SEEG,Galaxy Watch6,"96,077","2,510","933,554","916,350",6,9.72,371.93,38.28
1,SEEG,Galaxy Z Flip8,"3,702",78,"25,120","102,135",3,6.79,322.05,47.46
1,SEEG,Galaxy Z Fold8,"118,320","3,946","1,247,048","1,293,246",6,10.54,316.03,29.98
1,SEIL,Galaxy Buds3,"2,780",51,"16,672","137,734",1,6.00,326.90,54.51
1,SEIL,Galaxy S24,"112,829","2,470","686,945","1,276,354",6,6.09,278.12,45.68
1,SEIL,Galaxy Tab S10,"2,861",138,"37,109","153,814",1,12.97,268.91,20.73
1,SEIL,Galaxy Watch6,"119,652","3,458","1,106,065","1,234,097",6,9.24,319.86,34.60
1,SEIL,Galaxy Z Flip8,"3,560",120,"37,417","114,770",3,10.51,311.81,29.67
1,SEIL,Galaxy Z Fold8,"147,210","2,837","1,032,615","1,174,188",6,7.01,363.98,51.89
1,SELV,Galaxy Buds3,"2,785",122,"43,512","92,428",1,15.62,356.66,22.83
1,SELV,Galaxy S24,"118,059","3,678","1,333,830","1,398,150",6,11.30,362.65,32.10
1,SELV,Galaxy Tab S10,"4,434",65,"13,543","143,656",1,3.05,208.35,68.22
1,SELV,Galaxy Watch6,"114,786","2,627","965,950","1,206,862",6,8.42,367.70,43.69
1,SELV,Galaxy Z Flip8,"4,629",106,"35,988","121,752",3,7.77,339.51,43.67
1,SELV,Galaxy Z Fold8,"139,745","4,013","1,539,533","1,796,137",6,11.02,383.64,34.82
1,SEMAG,Galaxy Buds3,"3,984",84,"32,802","126,935",1,8.23,390.50,47.43
1,SEMAG,Galaxy S24,"93,862","2,455","611,536","1,184,654",6,6.52,249.10,38.23
1,SEMAG,Galaxy Tab S10,"2,591",54,"17,102","73,316",1,6.60,316.70,47.98
1,SEMAG,Galaxy Watch6,"81,803","3,221","1,215,721","1,030,947",6,14.86,377.44,25.40
1,SEMAG,Galaxy Z Flip8,"4,676",81,"31,642","85,972",3,6.77,390.64,57.73
1,SEMAG,Galaxy Z Fold8,"93,929","3,405","977,485","1,042,775",6,10.41,287.07,27.59
1,SEPAK,Galaxy Buds3,"2,191",55,"20,104","89,783",1,9.18,365.53,39.84
1,SEPAK,Galaxy S24,"88,140","1,696","591,586","699,633",6,6.71,348.81,51.97
1,SEPAK,Galaxy Tab S10,"2,593",75,"26,083","119,366",1,10.06,347.77,34.57
1,SEPAK,Galaxy Watch6,"93,262","2,261","746,744","955,653",6,8.01,330.27,41.25
1,SEPAK,Galaxy Z Flip8,"4,019",133,"36,839","84,295",3,9.17,276.98,30.22
1,SEPAK,Galaxy Z Fold8,"96,366","3,797","968,932","970,028",6,10.05,255.18,25.38
1,SESAR,Galaxy Buds3,"2,963",137,"53,985","87,154",1,18.22,394.05,21.63
1,SESAR,Galaxy S24,"110,248","2,778","822,206","909,336",6,7.46,295.97,39.69
1,SESAR,Galaxy Tab S10,"3,558",67,"14,229","142,688",1,4.00,212.37,53.10
1,SESAR,Galaxy Watch6,"96,494","2,216","955,695","1,302,484",6,9.90,431.27,43.54
1,SESAR,Galaxy Z Flip8,"6,041",105,"23,264","81,447",3,3.85,221.56,57.53
1,SESAR,Galaxy Z Fold8,"111,719","2,217","702,748","1,649,652",6,6.29,316.98,50.39
1,SETK,Galaxy Buds3,"3,480",67,"25,982","105,220",1,7.47,387.79,51.94
1,SETK,Galaxy S24,"85,354","4,125","1,656,974","1,275,079",6,19.41,401.69,20.69
1,SETK,Galaxy Tab S10,"4,345",139,"23,767","139,007",1,5.47,170.99,31.26
1,SETK,Galaxy Watch6,"77,587","3,402","1,259,746","1,389,502",6,16.24,370.30,22.81
1,SETK,Galaxy Z Flip8,"3,176",123,"31,887","122,622",3,10.04,259.24,25.82
1,SETK,Galaxy Z Fold8,"130,424","4,157","1,264,609","1,772,566",6,9.70,304.21,31.37
1,SGE,Galaxy Buds3,"2,515",71,"19,276","108,034",1,7.66,271.49,35.42
1,SGE,Galaxy S24,"92,711","3,888","1,165,923","1,330,397",6,12.58,299.88,23.85
1,SGE,Galaxy Tab S10,"2,073",174,"47,354","169,674",1,22.84,272.15,11.91
1,SGE,Galaxy Watch6,"97,513","3,178","1,135,458","1,450,715",6,11.64,357.29,30.68
1,SGE,Galaxy Z Flip8,"4,675",124,"38,926","100,960",3,8.33,313.92,37.70
1,SGE,Galaxy Z Fold8,"117,606","2,692","864,622","1,885,588",6,7.35,321.18,43.69
2,SEEG,Galaxy Buds3,"3,352",185,"63,400","117,187",1,18.91,342.70,18.12
2,SEEG,Galaxy S24,"76,453","2,354","796,167","983,449",7,10.41,338.22,32.48
2,SEEG,Galaxy Tab S10,"4,555",112,"34,224","72,633",3,7.51,305.57,40.67
2,SEEG,Galaxy Watch6,"61,030","2,106","703,741","958,291",7,11.53,334.16,28.98
2,SEEG,Galaxy Z Flip8,"101,724","2,985","1,234,810","1,524,345",6,12.14,413.67,34.08
2,SEEG,Galaxy Z Fold8,"79,561","2,328","901,784","1,118,249",7,11.33,387.36,34.18
2,SEIL,Galaxy Buds3,"1,933",70,"21,146","132,206",1,10.94,302.09,27.61
2,SEIL,Galaxy S24,"67,233","1,998","589,123","1,016,943",7,8.76,294.86,33.65
2,SEIL,Galaxy Tab S10,"5,549",132,"31,583","127,803",3,5.69,239.27,42.04
2,SEIL,Galaxy Watch6,"73,885","3,639","1,287,138","1,210,796",7,17.42,353.71,20.30
2,SEIL,Galaxy Z Flip8,"138,344","3,410","1,325,223","1,453,777",6,9.58,388.63,40.57
2,SEIL,Galaxy Z Fold8,"105,099","2,703","894,718","1,188,292",7,8.51,331.01,38.88
2,SELV,Galaxy Buds3,"2,614",172,"35,988","120,482",1,13.77,209.23,15.20
2,SELV,Galaxy S24,"79,088","2,131","776,760","979,370",7,9.82,364.50,37.11
2,SELV,Galaxy Tab S10,"5,589",181,"61,335","97,051",3,10.97,338.87,30.88
2,SELV,Galaxy Watch6,"86,303","2,341","936,644","893,807",7,10.85,400.10,36.87
2,SELV,Galaxy Z Flip8,"100,827","4,006","1,256,579","1,742,482",6,12.46,313.67,25.17
2,SELV,Galaxy Z Fold8,"127,773","2,747","1,217,240","1,481,144",7,9.53,443.12,46.51
2,SEMAG,Galaxy Buds3,"2,874",70,"26,527","107,581",1,9.23,378.96,41.06
2,SEMAG,Galaxy S24,"56,497","1,427","599,487","761,346",7,10.61,420.10,39.59
2,SEMAG,Galaxy Tab S10,"4,587",100,"17,766","105,698",3,3.87,177.66,45.87
2,SEMAG,Galaxy Watch6,"74,113","1,394","583,685","672,798",7,7.88,418.71,53.17
2,SEMAG,Galaxy Z Flip8,"117,842","3,676","1,145,195","1,308,189",6,9.72,311.53,32.06
2,SEMAG,Galaxy Z Fold8,"91,139","1,792","672,176","828,794",7,7.38,375.10,50.86
2,SEPAK,Galaxy Buds3,"2,152",108,"37,237","95,794",1,17.30,344.79,19.93
2,SEPAK,Galaxy S24,"57,628","1,663","541,044","778,269",7,9.39,325.34,34.65
2,SEPAK,Galaxy Tab S10,"4,199",119,"33,632","70,727",3,8.01,282.62,35.29
2,SEPAK,Galaxy Watch6,"51,006","2,209","775,024","813,951",7,15.19,350.85,23.09
2,SEPAK,Galaxy Z Flip8,"115,406","1,976","660,821","1,200,656",6,5.73,334.42,58.40
2,SEPAK,Galaxy Z Fold8,"85,949","2,811","870,204","1,171,679",7,10.12,309.57,30.58
2,SESAR,Galaxy Buds3,"2,894",118,"40,007","85,014",1,13.82,339.04,24.53
2,SESAR,Galaxy S24,"72,420","2,041","700,865","803,801",7,9.68,343.39,35.48
2,SESAR,Galaxy Tab S10,"3,005",184,"41,983","80,014",3,13.97,228.17,16.33
2,SESAR,Galaxy Watch6,"86,664","1,879","646,362","824,768",7,7.46,343.99,46.12
2,SESAR,Galaxy Z Flip8,"92,863","5,577","1,569,264","2,028,077",6,16.90,281.38,16.65
2,SESAR,Galaxy Z Fold8,"104,325","2,470","867,753","1,499,614",7,8.32,351.32,42.24
2,SETK,Galaxy Buds3,"3,394",65,"9,834","126,510",1,2.90,151.29,52.22
2,SETK,Galaxy S24,"80,194","2,675","1,061,676","902,347",7,13.24,396.89,29.98
2,SETK,Galaxy Tab S10,"3,137",91,"30,725","78,547",3,9.79,337.64,34.47
2,SETK,Galaxy Watch6,"76,474","2,057","609,431","857,172",7,7.97,296.27,37.18
2,SETK,Galaxy Z Flip8,"96,178","3,111","749,927","1,097,180",6,7.80,241.06,30.92
2,SETK,Galaxy Z Fold8,"83,020","2,960","1,182,702","1,089,333",7,14.25,399.56,28.05
2,SGE,Galaxy Buds3,"3,870",63,"25,052","132,871",1,6.47,397.65,61.43
2,SGE,Galaxy S24,"87,511","3,156","1,197,763","1,116,539",7,13.69,379.52,27.73
2,SGE,Galaxy Tab S10,"4,697",74,"21,235","103,854",3,4.52,286.96,63.47
2,SGE,Galaxy Watch6,"102,467","3,469","1,188,558","1,334,406",7,11.60,342.62,29.54
2,SGE,Galaxy Z Flip8,"119,785","6,044","2,260,053","2,125,642",6,18.87,373.93,19.82
2,SGE,Galaxy Z Fold8,"115,227","4,374","1,720,529","1,407,046",7,14.93,393.35,26.34
3,SEEG,Galaxy Buds3,"3,846",70,"18,851","67,559",3,4.90,269.30,54.94
3,SEEG,Galaxy S24,"78,338","2,225","753,148","781,910",7,9.61,338.49,35.21
3,SEEG,Galaxy Tab S10,"124,830","2,641","1,032,392","1,150,674",7,8.27,390.91,47.27
3,SEEG,Galaxy Watch6,"90,113","1,619","565,511","747,626",7,6.28,349.30,55.66
3,SEEG,Galaxy Z Flip8,"102,029","3,541","1,233,214","1,145,198",7,12.09,348.27,28.81
3,SEEG,Galaxy Z Fold8,"76,398","2,107","577,604","973,027",7,7.56,274.14,36.26
3,SEIL,Galaxy Buds3,"2,680",91,"26,241","132,740",3,9.79,288.36,29.45
3,SEIL,Galaxy S24,"73,513","1,503","522,472","817,880",7,7.11,347.62,48.91
3,SEIL,Galaxy Tab S10,"132,245","3,848","1,250,952","2,018,666",7,9.46,325.09,34.37
3,SEIL,Galaxy Watch6,"81,690","2,465","901,551","966,783",7,11.04,365.74,33.14
3,SEIL,Galaxy Z Flip8,"112,604","3,447","1,360,494","1,529,773",7,12.08,394.69,32.67
3,SEIL,Galaxy Z Fold8,"66,563","2,986","913,203","828,104",7,13.72,305.83,22.29
3,SELV,Galaxy Buds3,"5,605",135,"45,547","86,870",3,8.13,337.39,41.52
3,SELV,Galaxy S24,"87,363","3,544","1,169,200","1,357,093",7,13.38,329.91,24.65
3,SELV,Galaxy Tab S10,"123,113","3,442","1,487,925","1,608,127",7,12.09,432.29,35.77
3,SELV,Galaxy Watch6,"70,525","2,093","682,828","1,339,510",7,9.68,326.24,33.70
3,SELV,Galaxy Z Flip8,"104,865","3,690","1,096,568","1,401,553",7,10.46,297.17,28.42
3,SELV,Galaxy Z Fold8,"91,002","2,714","901,819","1,267,842",7,9.91,332.28,33.53
3,SEMAG,Galaxy Buds3,"3,157",141,"46,525","107,419",3,14.74,329.96,22.39
3,SEMAG,Galaxy S24,"72,476","2,497","812,256","758,402",7,11.21,325.29,29.03
3,SEMAG,Galaxy Tab S10,"89,745","2,800","797,213","1,201,291",7,8.88,284.72,32.05
3,SEMAG,Galaxy Watch6,"75,168","1,571","583,853","663,917",7,7.77,371.64,47.85
3,SEMAG,Galaxy Z Flip8,"78,428","2,778","865,445","1,140,775",7,11.03,311.54,28.23
3,SEMAG,Galaxy Z Fold8,"59,473","1,721","492,584","724,390",7,8.28,286.22,34.56
3,SEPAK,Galaxy Buds3,"2,491",99,"30,331","70,145",3,12.18,306.37,25.16
3,SEPAK,Galaxy S24,"63,443","1,548","522,914","719,501",7,8.24,337.80,40.98
3,SEPAK,Galaxy Tab S10,"111,597","4,061","1,378,984","1,415,956",7,12.36,339.57,27.48
3,SEPAK,Galaxy Watch6,"65,019","1,951","641,723","867,286",7,9.87,328.92,33.33
3,SEPAK,Galaxy Z Flip8,"78,163","2,231","829,691","1,205,208",7,10.61,371.89,35.03
3,SEPAK,Galaxy Z Fold8,"56,813","1,847","468,892","638,528",7,8.25,253.87,30.76
3,SESAR,Galaxy Buds3,"4,381",125,"42,564","118,639",3,9.72,340.51,35.05
3,SESAR,Galaxy S24,"74,589","3,403","1,235,149","899,134",7,16.56,362.96,21.92
3,SESAR,Galaxy Tab S10,"140,983","2,531","804,267","1,507,081",7,5.70,317.77,55.70
3,SESAR,Galaxy Watch6,"73,918","2,223","921,789","902,461",7,12.47,414.66,33.25
3,SESAR,Galaxy Z Flip8,"128,188","3,151","800,094","1,084,780",7,6.24,253.92,40.68
3,SESAR,Galaxy Z Fold8,"81,690","1,860","625,626","931,398",7,7.66,336.36,43.92
3,SETK,Galaxy Buds3,"3,703",129,"34,974","132,167",3,9.44,271.12,28.71
3,SETK,Galaxy S24,"65,520","2,070","725,943","1,003,261",7,11.08,350.70,31.65
3,SETK,Galaxy Tab S10,"98,280","3,686","1,346,327","1,463,750",7,13.70,365.25,26.66
3,SETK,Galaxy Watch6,"59,977","1,634","601,870","957,197",7,10.04,368.34,36.71
3,SETK,Galaxy Z Flip8,"94,072","3,057","1,172,168","1,285,523",7,12.46,383.44,30.77
3,SETK,Galaxy Z Fold8,"72,842","2,548","839,294","875,177",7,11.52,329.39,28.59
3,SGE,Galaxy Buds3,"4,217",147,"47,460","124,615",3,11.25,322.86,28.69
3,SGE,Galaxy S24,"88,190","2,590","994,948","1,103,640",7,11.28,384.15,34.05
3,SGE,Galaxy Tab S10,"139,200","4,647","1,895,181","2,374,093",7,13.61,407.83,29.95
3,SGE,Galaxy Watch6,"91,914","4,020","1,245,381","1,089,636",7,13.55,309.80,22.86
3,SGE,Galaxy Z Flip8,"148,044","2,979","1,102,518","1,687,391",7,7.45,370.10,49.70
3,SGE,Galaxy Z Fold8,"91,989","2,779","1,011,330","1,337,773",7,10.99,363.92,33.10
4,SEEG,Galaxy Buds3,"101,479","2,176","859,529","1,665,125",6,8.47,395.00,46.64
4,SEEG,Galaxy S24,"57,499","1,303","428,578","594,097",7,7.45,328.92,44.13
4,SEEG,Galaxy Tab S10,"97,211","2,170","848,144","1,036,494",7,8.72,390.85,44.80
4,SEEG,Galaxy Watch6,"44,776","1,160","349,950","584,454",7,7.82,301.68,38.60
4,SEEG,Galaxy Z Flip8,"56,529","1,881","700,474","865,025",7,12.39,372.39,30.05
4,SEEG,Galaxy Z Fold8,"73,850","1,975","669,073","868,898",7,9.06,338.77,37.39
4,SEIL,Galaxy Buds3,"133,464","4,656","1,575,336","1,613,712",6,11.80,338.35,28.66
4,SEIL,Galaxy S24,"45,850","1,400","524,930","692,148",7,11.45,374.95,32.75
4,SEIL,Galaxy Tab S10,"135,472","3,575","1,363,715","1,307,154",7,10.07,381.46,37.89
4,SEIL,Galaxy Watch6,"54,829","1,773","763,833","520,333",7,13.93,430.81,30.92
4,SEIL,Galaxy Z Flip8,"98,684","2,271","918,290","1,149,760",7,9.31,404.35,43.45
4,SEIL,Galaxy Z Fold8,"76,451","2,050","771,086","862,736",7,10.09,376.14,37.29
4,SELV,Galaxy Buds3,"143,897","4,524","1,509,250","2,188,422",6,10.49,333.61,31.81
4,SELV,Galaxy S24,"62,777","1,491","430,161","593,121",7,6.85,288.51,42.10
4,SELV,Galaxy Tab S10,"134,085","3,503","1,163,824","1,391,743",7,8.68,332.24,38.28
4,SELV,Galaxy Watch6,"53,749","1,341","514,775","656,823",7,9.58,383.87,40.08
4,SELV,Galaxy Z Flip8,"91,131","2,464","792,456","766,165",7,8.70,321.61,36.98
4,SELV,Galaxy Z Fold8,"83,388","3,075","1,228,735","990,046",7,14.74,399.59,27.12
4,SEMAG,Galaxy Buds3,"109,173","5,138","1,747,792","1,620,465",6,16.01,340.17,21.25
4,SEMAG,Galaxy S24,"48,089","1,388","405,360","497,982",7,8.43,292.05,34.65
4,SEMAG,Galaxy Tab S10,"101,512","2,168","536,201","1,120,557",7,5.28,247.33,46.82
4,SEMAG,Galaxy Watch6,"48,016","1,173","376,240","603,331",7,7.84,320.75,40.93
4,SEMAG,Galaxy Z Flip8,"52,383","1,719","538,564","932,524",7,10.28,313.30,30.47
4,SEMAG,Galaxy Z Fold8,"80,196","2,364","687,013","978,659",7,8.57,290.61,33.92
4,SEPAK,Galaxy Buds3,"116,588","3,469","1,237,429","1,145,998",6,10.61,356.71,33.61
4,SEPAK,Galaxy S24,"47,164","1,345","413,796","478,003",7,8.77,307.66,35.07
4,SEPAK,Galaxy Tab S10,"84,841","2,281","747,752","923,743",7,8.81,327.82,37.19
4,SEPAK,Galaxy Watch6,"48,425","1,239","377,783","427,667",7,7.80,304.91,39.08
4,SEPAK,Galaxy Z Flip8,"56,499","1,793","758,704","832,681",7,13.43,423.15,31.51
4,SEPAK,Galaxy Z Fold8,"60,243","1,974","729,774","867,361",7,12.11,369.69,30.52
4,SESAR,Galaxy Buds3,"108,827","4,293","1,436,564","1,600,849",6,13.20,334.63,25.35
4,SESAR,Galaxy S24,"46,468","2,054","728,945","668,658",7,15.69,354.89,22.62
4,SESAR,Galaxy Tab S10,"91,914","3,435","974,826","1,402,464",7,10.61,283.79,26.76
4,SESAR,Galaxy Watch6,"53,412","1,476","401,565","504,477",7,7.52,272.06,36.19
4,SESAR,Galaxy Z Flip8,"52,921","2,896","1,029,509","1,043,887",7,19.45,355.49,18.27
4,SESAR,Galaxy Z Fold8,"83,678","2,053","644,499","984,678",7,7.70,313.93,40.76
4,SETK,Galaxy Buds3,"127,737","3,560","1,381,252","1,394,172",6,10.81,387.99,35.88
4,SETK,Galaxy S24,"52,735",888,"355,792","460,117",7,6.75,400.67,59.39
4,SETK,Galaxy Tab S10,"98,926","3,811","1,563,013","1,458,525",7,15.80,410.13,25.96
4,SETK,Galaxy Watch6,"52,170","1,475","408,282","577,582",7,7.83,276.80,35.37
4,SETK,Galaxy Z Flip8,"97,076","2,012","690,734","971,492",7,7.12,343.31,48.25
4,SETK,Galaxy Z Fold8,"60,415","1,845","596,218","961,358",7,9.87,323.15,32.75
4,SGE,Galaxy Buds3,"136,762","4,850","1,468,372","2,023,393",6,10.74,302.76,28.20
4,SGE,Galaxy S24,"53,209","1,561","516,507","603,852",7,9.71,330.88,34.09
4,SGE,Galaxy Tab S10,"131,065","4,085","1,211,640","1,245,168",7,9.24,296.61,32.08
4,SGE,Galaxy Watch6,"55,630","1,675","572,065","574,015",7,10.28,341.53,33.21
4,SGE,Galaxy Z Flip8,"92,749","2,190","595,156","981,759",7,6.42,271.76,42.35
4,SGE,Galaxy Z Fold8,"84,383","2,840","1,025,355","1,253,999",7,12.15,361.04,29.71
5,SEEG,Galaxy Buds3,"78,950","2,524","763,228","1,011,085",6,9.67,302.39,31.28
5,SEEG,Galaxy S24,"54,115","1,118","331,527","486,889",6,6.13,296.54,48.40
5,SEEG,Galaxy Tab S10,"70,877","1,950","791,994","853,261",6,11.17,406.15,36.35
5,SEEG,Galaxy Watch6,"50,543","1,529","580,636","537,170",6,11.49,379.75,33.06
5,SEEG,Galaxy Z Flip8,"57,423","1,544","424,838","850,021",6,7.40,275.15,37.19
5,SEEG,Galaxy Z Fold8,"39,174","1,496","481,474","405,172",6,12.29,321.84,26.19
5,SEIL,Galaxy Buds3,"110,991","3,591","1,440,788","1,205,422",6,12.98,401.22,30.91
5,SEIL,Galaxy S24,"47,362","1,844","546,636","633,143",6,11.54,296.44,25.68
5,SEIL,Galaxy Tab S10,"57,980","2,379","841,049","866,959",6,14.51,353.53,24.37
5,SEIL,Galaxy Watch6,"48,499","1,647","552,712","775,161",6,11.40,335.59,29.45
5,SEIL,Galaxy Z Flip8,"58,974","2,418","585,807","830,700",6,9.93,242.27,24.39
5,SEIL,Galaxy Z Fold8,"52,898","1,272","431,249","631,849",6,8.15,339.03,41.59
5,SELV,Galaxy Buds3,"97,208","2,798","726,288","1,218,106",6,7.47,259.57,34.74
5,SELV,Galaxy S24,"56,474","2,631","1,024,235","729,518",6,18.14,389.29,21.46
5,SELV,Galaxy Tab S10,"75,575","2,014","670,993","788,122",6,8.88,333.16,37.52
5,SELV,Galaxy Watch6,"65,197","1,627","546,958","718,870",6,8.39,336.18,40.07
5,SELV,Galaxy Z Flip8,"74,616","2,284","965,070","1,037,174",6,12.93,422.54,32.67
5,SELV,Galaxy Z Fold8,"61,187","1,655","579,929","668,450",6,9.48,350.41,36.97
5,SEMAG,Galaxy Buds3,"78,611","2,718","746,403","1,010,365",6,9.49,274.61,28.92
5,SEMAG,Galaxy S24,"38,758",937,"357,458","502,363",6,9.22,381.49,41.36
5,SEMAG,Galaxy Tab S10,"75,637","1,534","639,552","786,025",6,8.46,416.92,49.31
5,SEMAG,Galaxy Watch6,"36,605","1,214","360,064","506,402",6,9.84,296.59,30.15
5,SEMAG,Galaxy Z Flip8,"72,403","1,720","617,797","846,196",6,8.53,359.18,42.09
5,SEMAG,Galaxy Z Fold8,"38,984","1,209","401,858","392,636",6,10.31,332.39,32.24
5,SEPAK,Galaxy Buds3,"80,344","2,262","932,452","939,040",6,11.61,412.22,35.52
5,SEPAK,Galaxy S24,"40,818",839,"214,564","505,457",6,5.26,255.74,48.65
5,SEPAK,Galaxy Tab S10,"63,221","1,458","673,565","762,979",6,10.65,461.98,43.36
5,SEPAK,Galaxy Watch6,"34,528","1,683","723,303","547,500",6,20.95,429.77,20.52
5,SEPAK,Galaxy Z Flip8,"60,859","2,280","675,037","915,666",6,11.09,296.07,26.69
5,SEPAK,Galaxy Z Fold8,"34,847",874,"288,344","554,273",6,8.27,329.91,39.87
5,SESAR,Galaxy Buds3,"64,928","3,487","1,420,698","1,439,252",6,21.88,407.43,18.62
5,SESAR,Galaxy S24,"35,445","2,173","700,756","624,725",6,19.77,322.48,16.31
5,SESAR,Galaxy Tab S10,"65,947","1,828","659,989","910,078",6,10.01,361.04,36.08
5,SESAR,Galaxy Watch6,"50,636","1,298","342,111","622,044",6,6.76,263.57,39.01
5,SESAR,Galaxy Z Flip8,"56,178","1,871","480,945","846,933",6,8.56,257.05,30.03
5,SESAR,Galaxy Z Fold8,"52,156","1,619","577,274","554,771",6,11.07,356.56,32.21
5,SETK,Galaxy Buds3,"80,428","2,414","934,449","1,452,872",6,11.62,387.10,33.32
5,SETK,Galaxy S24,"48,276","2,110","633,823","699,390",6,13.13,300.39,22.88
5,SETK,Galaxy Tab S10,"85,025","2,144","824,051","858,319",6,9.69,384.35,39.66
5,SETK,Galaxy Watch6,"45,844","1,723","606,221","669,361",6,13.22,351.84,26.61
5,SETK,Galaxy Z Flip8,"70,319","1,732","538,941","1,009,583",6,7.66,311.17,40.60
5,SETK,Galaxy Z Fold8,"45,952","1,450","588,857","769,669",6,12.81,406.11,31.69
5,SGE,Galaxy Buds3,"148,428","2,443","842,543","1,649,688",6,5.68,344.88,60.76
5,SGE,Galaxy S24,"47,770","1,605","576,277","707,737",6,12.06,359.05,29.76
5,SGE,Galaxy Tab S10,"72,523","2,155","624,081","1,286,780",6,8.61,289.60,33.65
5,SGE,Galaxy Watch6,"45,458","1,622","761,522","727,319",6,16.75,469.50,28.03
5,SGE,Galaxy Z Flip8,"92,138","1,988","602,979","776,665",6,6.54,303.31,46.35
5,SGE,Galaxy Z Fold8,"50,741","1,356","425,041","925,466",6,8.38,313.45,37.42
6,SEEG,Galaxy Buds3,"73,142","1,387","414,187","817,142",8,5.66,298.62,52.73
6,SEEG,Galaxy S24,"53,937","1,846","696,178","559,697",8,12.91,377.13,29.22
6,SEEG,Galaxy Tab S10,"85,227","2,607","973,583","953,464",8,11.42,373.45,32.69
6,SEEG,Galaxy Watch6,"56,745",973,"413,274","474,507",8,7.28,424.74,58.32
6,SEEG,Galaxy Z Flip8,"55,869","1,416","520,882","652,620",8,9.32,367.85,39.46
6,SEEG,Galaxy Z Fold8,"56,815","1,513","578,567","513,446",8,10.18,382.40,37.55
6,SEIL,Galaxy Buds3,"67,418","2,198","617,137","1,082,164",8,9.15,280.77,30.67
6,SEIL,Galaxy S24,"66,395","1,251","412,253","781,502",8,6.21,329.54,53.07
6,SEIL,Galaxy Tab S10,"86,385","2,993","1,175,162","1,136,632",8,13.60,392.64,28.86
6,SEIL,Galaxy Watch6,"51,193","2,053","771,543","772,509",8,15.07,375.81,24.94
6,SEIL,Galaxy Z Flip8,"65,721","1,810","522,241","747,600",8,7.95,288.53,36.31
6,SEIL,Galaxy Z Fold8,"65,714","1,773","596,736","741,061",8,9.08,336.57,37.06
6,SELV,Galaxy Buds3,"70,961","2,890","1,077,755","1,222,257",8,15.19,372.93,24.55
6,SELV,Galaxy S24,"70,686","2,095","626,134","734,375",8,8.86,298.87,33.74
6,SELV,Galaxy Tab S10,"81,837","2,307","712,229","915,170",8,8.70,308.73,35.47
6,SELV,Galaxy Watch6,"58,949","1,642","474,375","692,178",8,8.05,288.90,35.90
6,SELV,Galaxy Z Flip8,"70,555","1,566","554,538","681,255",8,7.86,354.11,45.05
6,SELV,Galaxy Z Fold8,"60,522","2,151","880,395","674,810",8,14.55,409.30,28.14
6,SEMAG,Galaxy Buds3,"63,156","1,941","669,172","875,241",8,10.60,344.76,32.54
6,SEMAG,Galaxy S24,"54,096","1,408","456,160","486,829",8,8.43,323.98,38.42
6,SEMAG,Galaxy Tab S10,"62,756","2,328","730,962","809,190",8,11.65,313.99,26.96
6,SEMAG,Galaxy Watch6,"39,534","1,134","449,975","453,653",8,11.38,396.80,34.86
6,SEMAG,Galaxy Z Flip8,"44,893","1,459","467,508","671,332",8,10.41,320.43,30.77
6,SEMAG,Galaxy Z Fold8,"47,152","1,485","452,947","550,059",8,9.61,305.01,31.75
6,SEPAK,Galaxy Buds3,"65,679","1,980","701,390","1,017,127",8,10.68,354.24,33.17
6,SEPAK,Galaxy S24,"55,247","1,204","301,875","486,141",8,5.46,250.73,45.89
6,SEPAK,Galaxy Tab S10,"66,197","1,752","588,034","791,129",8,8.88,335.64,37.78
6,SEPAK,Galaxy Watch6,"46,021","1,245","448,760","541,032",8,9.75,360.45,36.96
6,SEPAK,Galaxy Z Flip8,"48,168","1,021","433,903","572,713",8,9.01,424.98,47.18
6,SEPAK,Galaxy Z Fold8,"42,767","1,242","437,229","490,498",8,10.22,352.04,34.43
6,SESAR,Galaxy Buds3,"92,866","2,287","767,034","910,030",8,8.26,335.39,40.61
6,SESAR,Galaxy S24,"65,661","1,432","573,396","641,727",8,8.73,400.42,45.85
6,SESAR,Galaxy Tab S10,"71,108","2,180","594,082","773,078",8,8.35,272.51,32.62
6,SESAR,Galaxy Watch6,"62,837","1,877","760,449","671,938",8,12.10,405.14,33.48
6,SESAR,Galaxy Z Flip8,"55,165","2,200","683,503","806,874",8,12.39,310.68,25.07
6,SESAR,Galaxy Z Fold8,"61,672","2,278","903,304","788,144",8,14.65,396.53,27.07
6,SETK,Galaxy Buds3,"95,852","2,694","836,406","1,065,700",8,8.73,310.47,35.58
6,SETK,Galaxy S24,"52,716","1,365","576,351","510,237",8,10.93,422.24,38.62
6,SETK,Galaxy Tab S10,"93,674","2,029","634,860","662,184",8,6.78,312.89,46.17
6,SETK,Galaxy Watch6,"69,734","1,004","428,904","598,707",8,6.15,427.20,69.46
6,SETK,Galaxy Z Flip8,"38,765","1,329","434,770","474,596",8,11.22,327.14,29.17
6,SETK,Galaxy Z Fold8,"69,436","1,597","656,825","700,083",8,9.46,411.29,43.48
6,SGE,Galaxy Buds3,"69,632","3,526","1,302,360","1,362,004",8,18.70,369.36,19.75
6,SGE,Galaxy S24,"60,681","1,617","659,287","708,614",8,10.86,407.72,37.53
6,SGE,Galaxy Tab S10,"106,258","2,641","1,086,370","846,122",8,10.22,411.35,40.23
6,SGE,Galaxy Watch6,"79,706","2,480","866,692","963,407",8,10.87,349.47,32.14
6,SGE,Galaxy Z Flip8,"55,980","1,757","613,802","568,829",8,10.96,349.35,31.86
6,SGE,Galaxy Z Fold8,"50,487","2,397","997,620","948,172",8,19.76,416.20,21.06
7,SEEG,Galaxy Buds3,"63,141","1,715","676,752","722,058",6,10.72,394.61,36.82
7,SEEG,Galaxy S24,"42,648","1,333","515,535","653,154",6,12.09,386.75,31.99
7,SEEG,Galaxy Tab S10,"53,694","1,509","560,158","702,182",6,10.43,371.21,35.58
7,SEEG,Galaxy Watch6,"37,793","1,134","468,094","515,062",6,12.39,412.78,33.33
7,SEEG,Galaxy Z Flip8,"50,978","1,678","496,398","659,782",6,9.74,295.83,30.38
7,SEEG,Galaxy Z Fold8,"52,080","1,955","625,325","666,127",6,12.01,319.86,26.64
7,SEIL,Galaxy Buds3,"71,232","2,385","856,411","1,257,977",6,12.02,359.08,29.87
7,SEIL,Galaxy S24,"44,584","1,168","312,622","701,232",6,7.01,267.66,38.17
7,SEIL,Galaxy Tab S10,"45,713","1,413","556,738","582,687",6,12.18,394.01,32.35
7,SEIL,Galaxy Watch6,"50,065","1,672","594,163","470,711",6,11.87,355.36,29.94
7,SEIL,Galaxy Z Flip8,"52,414","1,810","530,399","726,384",6,10.12,293.04,28.96
7,SEIL,Galaxy Z Fold8,"60,673","1,503","555,481","676,177",6,9.16,369.58,40.37
7,SELV,Galaxy Buds3,"93,471","2,429","899,310","1,112,656",6,9.62,370.24,38.48
7,SELV,Galaxy S24,"47,607","1,377","487,701","739,713",6,10.24,354.18,34.57
7,SELV,Galaxy Tab S10,"55,921","1,416","402,809","743,678",6,7.20,284.47,39.49
7,SELV,Galaxy Watch6,"57,011","2,044","884,717","851,330",6,15.52,432.84,27.89
7,SELV,Galaxy Z Flip8,"62,864","2,349","946,516","854,784",6,15.06,402.94,26.76
7,SELV,Galaxy Z Fold8,"58,036","1,672","539,225","714,172",6,9.29,322.50,34.71
7,SEMAG,Galaxy Buds3,"53,551","1,708","681,573","765,265",6,12.73,399.05,31.35
7,SEMAG,Galaxy S24,"38,540",915,"249,868","381,469",6,6.48,273.08,42.12
7,SEMAG,Galaxy Tab S10,"50,443","1,129","420,393","494,918",6,8.33,372.36,44.68
7,SEMAG,Galaxy Watch6,"39,536","1,643","584,571","673,960",6,14.79,355.79,24.06
7,SEMAG,Galaxy Z Flip8,"30,232","1,254","378,509","443,864",6,12.52,301.84,24.11
7,SEMAG,Galaxy Z Fold8,"38,339","1,222","345,350","430,072",6,9.01,282.61,31.37
7,SEPAK,Galaxy Buds3,"53,375","2,767","1,004,141","794,627",6,18.81,362.90,19.29
7,SEPAK,Galaxy S24,"46,587","1,653","643,314","428,328",6,13.81,389.18,28.18
7,SEPAK,Galaxy Tab S10,"47,735","1,357","588,440","551,158",6,12.33,433.63,35.18
7,SEPAK,Galaxy Watch6,"38,889","1,153","297,872","516,535",6,7.66,258.35,33.73
7,SEPAK,Galaxy Z Flip8,"39,269","1,216","308,398","435,694",6,7.85,253.62,32.29
7,SEPAK,Galaxy Z Fold8,"33,354",949,"247,922","482,867",6,7.43,261.25,35.15
7,SESAR,Galaxy Buds3,"65,904","2,984","989,680","871,099",6,15.02,331.66,22.09
7,SESAR,Galaxy S24,"61,145","1,367","490,969","648,203",6,8.03,359.16,44.73
7,SESAR,Galaxy Tab S10,"39,442","1,321","398,370","709,544",6,10.10,301.57,29.86
7,SESAR,Galaxy Watch6,"39,482","1,808","455,276","693,062",6,11.53,251.81,21.84
7,SESAR,Galaxy Z Flip8,"45,853","1,121","271,443","574,862",6,5.92,242.14,40.90
7,SESAR,Galaxy Z Fold8,"42,348","1,880","738,720","648,753",6,17.44,392.94,22.53
7,SETK,Galaxy Buds3,"83,311","1,635","537,301","734,613",6,6.45,328.62,50.95
7,SETK,Galaxy S24,"43,055","1,478","531,111","580,382",6,12.34,359.34,29.13
7,SETK,Galaxy Tab S10,"44,433","1,382","448,393","647,122",6,10.09,324.45,32.15
7,SETK,Galaxy Watch6,"51,108","1,463","608,600","653,853",6,11.91,415.99,34.93
7,SETK,Galaxy Z Flip8,"51,513","1,620","709,095","517,865",6,13.77,437.71,31.80
7,SETK,Galaxy Z Fold8,"55,944","1,093","328,955","392,839",6,5.88,300.97,51.18
7,SGE,Galaxy Buds3,"97,275","2,215","710,441","1,153,533",6,7.30,320.74,43.92
7,SGE,Galaxy S24,"65,001","1,156","439,440","695,144",6,6.76,380.14,56.23
7,SGE,Galaxy Tab S10,"52,424","1,949","545,313","714,840",6,10.40,279.79,26.90
7,SGE,Galaxy Watch6,"71,910","1,615","557,496","717,622",6,7.75,345.20,44.53
7,SGE,Galaxy Z Flip8,"47,955","1,351","463,052","687,571",6,9.66,342.75,35.50
7,SGE,Galaxy Z Fold8,"45,033","2,273","636,431","922,782",6,14.13,280.00,19.81
8,SEEG,Galaxy Buds3,"44,612","1,799","564,226","673,079",7,12.65,313.63,24.80
8,SEEG,Galaxy S24,"49,221","1,136","363,702","397,806",7,7.39,320.16,43.33
8,SEEG,Galaxy Tab S10,"38,653",798,"298,107","429,697",7,7.71,373.57,48.44
8,SEEG,Galaxy Watch6,"52,569","1,379","529,673","569,056",7,10.08,384.10,38.12
8,SEEG,Galaxy Z Flip8,"59,975","1,842","542,775","687,777",7,9.05,294.67,32.56
8,SEEG,Galaxy Z Fold8,"52,664","1,278","490,717","527,867",7,9.32,383.97,41.21
8,SEIL,Galaxy Buds3,"70,111","1,823","493,191","696,936",7,7.03,270.54,38.46
8,SEIL,Galaxy S24,"67,284","1,870","540,163","635,175",7,8.03,288.86,35.98
8,SEIL,Galaxy Tab S10,"56,893","1,541","680,969","605,895",7,11.97,441.90,36.92
8,SEIL,Galaxy Watch6,"50,595","1,538","433,315","609,315",7,8.56,281.74,32.90
8,SEIL,Galaxy Z Flip8,"55,598","1,030","338,943","642,485",7,6.10,329.07,53.98
8,SEIL,Galaxy Z Fold8,"67,671","1,735","646,217","617,773",7,9.55,372.46,39.00
8,SELV,Galaxy Buds3,"66,613","1,371","535,235","573,772",7,8.03,390.40,48.59
8,SELV,Galaxy S24,"61,151","1,876","680,620","679,024",7,11.13,362.80,32.60
8,SELV,Galaxy Tab S10,"52,610","1,437","357,105","526,143",7,6.79,248.51,36.61
8,SELV,Galaxy Watch6,"57,071","1,154","343,420","621,770",7,6.02,297.59,49.45
8,SELV,Galaxy Z Flip8,"45,348","1,180","364,231","691,748",7,8.03,308.67,38.43
8,SELV,Galaxy Z Fold8,"56,015","2,050","769,989","829,016",7,13.75,375.60,27.32
8,SEMAG,Galaxy Buds3,"44,544","1,277","525,853","454,409",7,11.81,411.79,34.88
8,SEMAG,Galaxy S24,"41,061","1,657","562,932","564,749",7,13.71,339.73,24.78
8,SEMAG,Galaxy Tab S10,"51,211","1,312","464,114","578,540",7,9.06,353.75,39.03
8,SEMAG,Galaxy Watch6,"46,124","1,559","497,552","644,868",7,10.79,319.15,29.59
8,SEMAG,Galaxy Z Flip8,"45,078","1,413","499,891","583,867",7,11.09,353.78,31.90
8,SEMAG,Galaxy Z Fold8,"51,273","1,089","302,385","438,657",7,5.90,277.67,47.08
8,SEPAK,Galaxy Buds3,"56,305",789,"226,373","418,683",7,4.02,286.91,71.36
8,SEPAK,Galaxy S24,"42,176",988,"371,905","426,534",7,8.82,376.42,42.69
8,SEPAK,Galaxy Tab S10,"51,308",830,"313,616","482,963",7,6.11,377.85,61.82
8,SEPAK,Galaxy Watch6,"49,490","1,364","541,144","600,456",7,10.93,396.73,36.28
8,SEPAK,Galaxy Z Flip8,"34,565","1,061","460,569","458,118",7,13.32,434.09,32.58
8,SEPAK,Galaxy Z Fold8,"55,199","1,209","370,065","536,523",7,6.70,306.09,45.66
8,SESAR,Galaxy Buds3,"60,707","1,325","411,988","704,031",7,6.79,310.93,45.82
8,SESAR,Galaxy S24,"50,523","1,296","482,340","696,249",7,9.55,372.18,38.98
8,SESAR,Galaxy Tab S10,"53,114","1,814","513,384","696,291",7,9.67,283.01,29.28
8,SESAR,Galaxy Watch6,"64,650","1,386","584,055","764,807",7,9.03,421.40,46.65
8,SESAR,Galaxy Z Flip8,"57,418","1,070","350,949","661,344",7,6.11,327.99,53.66
8,SESAR,Galaxy Z Fold8,"60,962","1,759","635,107","710,419",7,10.42,361.06,34.66
8,SETK,Galaxy Buds3,"39,359","1,159","347,006","522,017",7,8.82,299.40,33.96
8,SETK,Galaxy S24,"60,118","1,370","403,631","473,790",7,6.71,294.62,43.88
8,SETK,Galaxy Tab S10,"44,353","1,272","431,255","566,429",7,9.72,339.04,34.87
8,SETK,Galaxy Watch6,"36,089",971,"327,583","449,795",7,9.08,337.37,37.17
8,SETK,Galaxy Z Flip8,"49,172","1,587","468,509","512,023",7,9.53,295.22,30.98
8,SETK,Galaxy Z Fold8,"57,593","1,441","648,389","662,773",7,11.26,449.96,39.97
8,SGE,Galaxy Buds3,"69,704","1,819","690,964","575,035",7,9.91,379.86,38.32
8,SGE,Galaxy S24,"69,858","2,812","716,560","832,964",7,10.26,254.82,24.84
8,SGE,Galaxy Tab S10,"69,557","2,548","852,274","815,783",7,12.25,334.49,27.30
8,SGE,Galaxy Watch6,"59,087","1,278","365,516","785,385",7,6.19,286.01,46.23
8,SGE,Galaxy Z Flip8,"51,275","2,216","667,415","800,211",7,13.02,301.18,23.14
8,SGE,Galaxy Z Fold8,"68,619","1,673","588,153","566,349",7,8.57,351.56,41.02
