date,market,platform,followers,posts,impressions,reach,engagements,video_views,sentiment_score
2025-08-04,UAE,Instagram,381952,10,452637,221181,10732,145519.0,0.403
2025-08-04,UAE,TikTok,335746,10,361618,153964,9427,133983.0,0.342
2025-08-04,UAE,YT,221588,6,279329,121087,3437,142480.0,0.427
2025-08-04,UAE,Twitter,122440,6,130644,73235,1250,50396.0,0.406
2025-08-04,UAE,FB,173108,11,191654,95293,2139,73005.0,0.429
2025-08-11,UAE,IG,384263,8,435386,193431,8444,168735.0,0.423
2025-08-11,UAE,tiktok,332645,6,270191,154148,9609,101888.0,0.45
2025-08-11,UAE,youtube,222479,4,223388,127993,3736,105956.0,0.418
2025-08-11,UAE,X,124233,11,91240,52824,895,36221.0,0.335
2025-08-11,UAE,Facebook,173720,8,234858,98753,2157,109835.0,0.412
2025-08-18,UAE,IG,387749,7,412863,214090,8460,200400.0,0.461
2025-08-18,UAE,Tik Tok,334797,6,339302,156971,9891,134821.0,0.483
2025-08-18,UAE,youtube,223412,9,181810,110274,3536,69955.0,0.363
2025-08-18,UAE,X (Twitter),122849,10,146843,63970,1073,74778.0,0.388
2025-08-18,UAE,facebook,174662,9,164372,87814,2052,69456.0,0.377
2025-08-25,UAE,IG,388279,7,428218,201109,7734,149214.0,0.385
2025-08-25,UAE,Tik Tok,339807,11,321012,135353,7613,154253.0,0.405
2025-08-25,UAE,YouTube,225761,7,173315,98385,2911,59540.0,0.376
2025-08-25,UAE,Twitter,125452,11,126564,53451,911,39476.0,0.387
2025-08-25,UAE,Facebook,174489,6,146272,82632,1757,46292.0,0.399
2025-09-01,UAE,instagram,387584,8,585099,264711,11808,,0.416
2025-09-01,UAE,tiktok,339726,7,392181,195413,14369,122335.0,0.298
2025-09-01,UAE,YT,226841,5,246598,128631,3807,112760.0,0.414
2025-09-01,UAE,X,125941,4,165529,81062,1264,48744.0,0.458
2025-09-01,UAE,Facebook,176070,6,258823,114524,2618,122560.0,0.423
2025-09-08,UAE,IG,389054,10,336874,181949,7672,133273.0,0.367
2025-09-08,UAE,tiktok,339579,6,373707,166424,10615,185267.0,0.364
2025-09-08,UAE,YouTube,226427,6,224105,122533,3520,96168.0,0.443
2025-09-08,UAE,X,126065,6,140299,78487,1538,40292.0,0.401
2025-09-08,UAE,FB,176424,9,197427,110172,2170,93797.0,0.402
2025-09-15,UAE,IG,392012,5,456440,198989,8923,168964.0,0.444
2025-09-15,UAE,TikTok,343902,5,342872,179192,12518,165096.0,0.445
2025-09-15,UAE,YouTube,227904,4,238137,103765,2877,119751.0,0.431
2025-09-15,UAE,Twitter,126727,6,136116,72659,1048,66066.0,0.41
2025-09-15,UAE,Facebook,177954,9,161554,97699,1996,51638.0,0.356
2025-09-22,UAE,instagram,394020,4,453996,199590,7409,187548.0,0.445
2025-09-22,UAE,Tik Tok,344251,10,428345,188047,14053,163268.0,0.452
2025-09-22,UAE,youtube,226753,8,257787,124258,3453,102457.0,0.418
2025-09-22,UAE,Twitter,126995,8,118191,66437,1111,38983.0,0.458
2025-09-22,UAE,Facebook,177143,5,153776,91857,1880,72220.0,0.402
2025-09-29,UAE,Instagram,393549,10,376468,158252,6593,149044.0,0.385
2025-09-29,UAE,Tik Tok,344361,6,344005,183352,13558,125847.0,0.429
2025-09-29,UAE,YT,229278,8,232485,113713,2999,108366.0,0.433
2025-09-29,UAE,X,127330,6,137181,75107,1277,40879.0,0.38
2025-09-29,UAE,Facebook,178645,10,170422,101622,2334,79146.0,0.41
2025-10-06,UAE,IG,397594,6,370769,169981,6104,129503.0,0.367
2025-10-06,UAE,Tik Tok,347152,11,322803,140989,9824,153125.0,0.379
2025-10-06,UAE,YT,231303,8,176485,103028,2678,81592.0,0.461
2025-10-06,UAE,X (Twitter),128881,6,108907,57678,854,35725.0,0.448
2025-10-06,UAE,FB,180826,9,124489,68156,1598,60795.0,0.378
2025-10-13,UAE,instagram,401826,8,491294,248464,10287,243595.0,0.381
2025-10-13,UAE,tiktok,345998,4,383976,177842,13030,118364.0,0.444
2025-10-13,UAE,YT,232354,8,203753,121842,3655,79202.0,0.421
2025-10-13,UAE,Twitter,128804,10,131149,65897,1140,66552.0,0.436
2025-10-13,UAE,Facebook,180161,4,234837,99679,2251,92522.0,0.513
2025-10-20,UAE,instagram,402118,11,312616,178306,7526,90313.0,0.332
2025-10-20,UAE,Tik Tok,350761,5,336753,146928,9202,126069.0,0.458
2025-10-20,UAE,YouTube,233609,7,230540,127354,4195,87095.0,0.384
2025-10-20,UAE,X,128931,5,84248,49512,969,41263.0,0.427
2025-10-20,UAE,FB,180649,7,141560,71521,1742,59520.0,0.468
2025-10-27,UAE,Instagram,401814,9,513484,237005,8520,231521.0,0.46
2025-10-27,UAE,TikTok,352327,9,463015,214057,12878,178708.0,0.393
2025-10-27,UAE,YouTube,235579,4,214005,121580,3582,62762.0,0.472
2025-10-27,UAE,X (Twitter),129498,9,160647,67817,1185,53385.0,0.436
2025-10-27,UAE,facebook,182595,9,166475,89072,2005,65385.0,0.381
2025-11-03,UAE,IG,408666,4,571914,239420,9846,240473.0,0.432
2025-11-03,UAE,tiktok,352546,11,361407,182010,12433,163539.0,0.434
2025-11-03,UAE,YouTube,234847,5,195574,101626,3410,93693.0,0.451
2025-11-03,UAE,Twitter,130833,6,112711,65044,1140,48202.0,0.414
2025-11-03,UAE,facebook,182854,7,265066,113864,2494,122907.0,0.408
2025-11-10,UAE,IG,405048,6,582285,245873,11419,267714.0,0.396
2025-11-10,UAE,TikTok,354640,6,309074,163936,11588,88039.0,0.467
2025-11-10,UAE,youtube,234641,10,204614,103379,2786,61377.0,0.412
2025-11-10,UAE,X (Twitter),131853,4,129830,76628,1284,54266.0,0.404
2025-11-10,UAE,Facebook,183449,5,206955,95387,2011,95335.0,0.412
2025-11-17,UAE,instagram,405753,11,737203,331758,12260,231713.0,0.403
2025-11-17,UAE,Tik Tok,358738,6,497243,258306,17732,171673.0,0.412
2025-11-17,UAE,YouTube,235695,7,432996,192862,5604,197547.0,0.484
2025-11-17,UAE,Twitter,131318,11,240721,105780,1659,93982.0,0.41
2025-11-17,UAE,FB,184918,11,201669,122904,2669,63272.0,0.377
2025-11-24,UAE,Instagram,411044,10,845998,411156,17184,298374.0,0.423
2025-11-24,UAE,Tik Tok,358031,6,844444,357749,26255,240347.0,0.443
2025-11-24,UAE,YT,237984,9,341029,180425,5327,175886.0,0.406
2025-11-24,UAE,Twitter,132232,6,209649,116332,1990,92954.0,0.425
2025-11-24,UAE,facebook,185639,7,392510,165179,3706,150938.0,0.39
2025-12-01,UAE,instagram,410668,4,502520,230297,10116,211856.0,0.428
2025-12-01,UAE,TikTok,358655,7,395556,220614,15698,147351.0,0.495
2025-12-01,UAE,YouTube,239131,9,288369,159789,4558,137023.0,0.443
2025-12-01,UAE,X (Twitter),132936,11,225693,103113,1855,103857.0,0.455
2025-12-01,UAE,facebook,185209,9,312290,141139,2670,91839.0,0.431
2025-12-08,UAE,instagram,414196,10,350449,198687,8385,131324.0,0.437
2025-12-08,UAE,Tik Tok,361073,4,433130,186449,13472,199170.0,0.457
2025-12-08,UAE,youtube,240824,11,201444,111092,3615,69670.0,0.409
2025-12-08,UAE,X (Twitter),132776,7,111008,65345,1095,56690.0,0.425
2025-12-08,UAE,Facebook,186075,4,207983,102396,2289,105122.0,0.485
2025-12-15,UAE,Instagram,415938,11,603456,275816,9988,231845.0,0.447
2025-12-15,UAE,tiktok,364739,5,649860,271619,15973,267347.0,0.441
2025-12-15,UAE,youtube,240602,4,263871,147005,4412,74276.0,0.353
2025-12-15,UAE,X,133914,11,137978,74959,1220,47135.0,0.426
2025-12-15,UAE,Facebook,187898,7,245657,123803,2804,71510.0,0.462
2025-12-22,UAE,IG,418931,4,479261,244356,11636,242337.0,0.405
2025-12-22,UAE,TikTok,363109,11,439309,211776,13140,152922.0,0.42
2025-12-22,UAE,YT,241618,4,355262,187561,5349,144599.0,0.422
2025-12-22,UAE,Twitter,134447,4,192496,89346,1585,65683.0,0.451
2025-12-22,UAE,FB,187838,9,248285,114166,2473,,0.392
2025-12-29,UAE,instagram,417362,7,655549,297305,11128,284063.0,0.45
2025-12-29,UAE,TikTok,366408,6,511049,241069,14737,214429.0,0.431
2025-12-29,UAE,youtube,243252,7,378991,187866,6077,186428.0,0.42
2025-12-29,UAE,X (Twitter),135340,11,225419,99377,1830,88133.0,0.442
2025-12-29,UAE,Facebook,190008,8,244472,118847,2437,100458.0,0.427
2026-01-05,UAE,IG,421385,7,480889,216557,8748,225013.0,0.459
2026-01-05,UAE,TikTok,367466,10,391184,214660,12566,159289.0,0.435
2026-01-05,UAE,youtube,245277,5,282733,140586,3441,139880.0,0.497
2026-01-05,UAE,Twitter,135844,10,96342,57479,987,39424.0,0.476
2026-01-05,UAE,Facebook,189776,7,207193,87511,1727,72280.0,0.463
2026-01-12,UAE,IG,423258,8,395740,191809,8067,164645.0,0.45
2026-01-12,UAE,tiktok,369770,5,384836,180215,10872,159764.0,0.43
2026-01-12,UAE,youtube,244897,5,262127,111501,2759,135209.0,0.395
2026-01-12,UAE,Twitter,135979,10,129947,59362,1092,52368.0,0.427
2026-01-12,UAE,Facebook,190574,4,152856,89824,2066,50689.0,0.416
2026-01-19,UAE,Instagram,422456,10,321071,186541,7272,120390.0,0.375
2026-01-19,UAE,TikTok,367243,7,325699,140891,9610,161100.0,0.414
2026-01-19,UAE,YT,244075,4,263764,121248,3242,123387.0,0.447
2026-01-19,UAE,X,136380,6,133272,58093,1011,50957.0,0.459
2026-01-19,UAE,Facebook,190103,7,173922,89045,1783,81037.0,0.353
2026-01-26,UAE,instagram,427274,11,378919,200125,8238,106210.0,0.445
2026-01-26,UAE,Tik Tok,371408,6,297131,175290,11555,137004.0,0.496
2026-01-26,UAE,youtube,248644,11,187291,97869,2647,56499.0,0.41
2026-01-26,UAE,Twitter,137685,11,128340,61440,1010,60171.0,0.38
2026-01-26,UAE,FB,192727,10,194771,92220,1910,81562.0,0.468
2026-02-02,UAE,IG,426116,11,455686,224892,7586,139619.0,0.443
2026-02-02,UAE,TikTok,372132,7,363845,177803,12311,128047.0,0.43
2026-02-02,UAE,YT,245083,9,228158,114922,3303,75886.0,0.423
2026-02-02,UAE,X,137498,5,124068,59651,821,56402.0,0.481
2026-02-02,UAE,facebook,192571,5,184035,103244,2353,76876.0,0.383
2026-02-09,UAE,IG,428697,7,395078,170588,6070,189791.0,0.401
2026-02-09,UAE,Tik Tok,373798,4,339800,154701,11218,151695.0,0.397
2026-02-09,UAE,YouTube,248342,6,214617,91256,2569,66991.0,0.478
2026-02-09,UAE,X,138619,5,115113,52940,911,49031.0,0.473
2026-02-09,UAE,facebook,193371,5,193208,81708,1710,82253.0,0.393
2026-02-16,UAE,IG,432250,6,392440,220980,9438,130131.0,0.377
2026-02-16,UAE,TikTok,374652,10,324435,177074,12905,124207.0,0.423
2026-02-16,UAE,YouTube,251131,11,272923,114798,3394,108409.0,0.447
2026-02-16,UAE,X,138510,11,127917,59751,1060,37656.0,0.436
2026-02-16,UAE,Facebook,194359,9,223644,96501,2596,81667.0,0.374
2026-02-23,UAE,IG,431706,4,456007,277946,15638,185002.0,0.377
2026-02-23,UAE,TikTok,376764,5,497542,225723,19304,207340.0,0.385
2026-02-23,UAE,YT,252323,9,369766,169339,5347,155203.0,0.431
2026-02-23,UAE,X (Twitter),138385,8,174743,92890,1750,74097.0,0.447
2026-02-23,UAE,Facebook,194401,9,250213,115214,3028,104697.0,0.446
2026-03-02,UAE,Instagram,434313,10,625009,264755,16553,286190.0,0.439
2026-03-02,UAE,TikTok,379410,5,452165,241627,24752,133095.0,0.475
2026-03-02,UAE,YouTube,252563,10,337450,151332,5784,151541.0,0.412
2026-03-02,UAE,X,139535,9,143904,72900,1716,42382.0,0.412
2026-03-02,UAE,Facebook,196712,9,199777,122887,3607,59589.0,0.461
2026-03-09,UAE,IG,434220,7,529025,263273,15121,177684.0,0.077
2026-03-09,UAE,Tik Tok,381112,7,572406,245877,21663,234698.0,0.049
2026-03-09,UAE,YouTube,251656,6,292422,181516,7589,150139.0,0.155
2026-03-09,UAE,X,140544,9,163693,90186,2146,63089.0,0.106
2026-03-09,UAE,Facebook,196203,7,302049,136403,4289,109377.0,0.085
2026-03-16,UAE,instagram,437668,5,438985,239128,11896,196266.0,0.122
2026-03-16,UAE,tiktok,381349,6,419655,224512,20535,174249.0,0.104
2026-03-16,UAE,YT,254789,7,265162,151626,5906,102157.0,0.044
2026-03-16,UAE,X,140199,6,147516,88222,2061,44822.0,0.115
2026-03-16,UAE,Facebook,197661,9,162756,99598,2941,55256.0,0.096
2026-03-23,UAE,IG,438919,7,704637,301764,14322,221921.0,0.463
2026-03-23,UAE,Tik Tok,383733,10,371261,207745,19996,,0.422
2026-03-23,UAE,YouTube,255378,10,337354,158600,5463,136373.0,0.413
2026-03-23,UAE,X,140720,5,144769,77425,1761,45219.0,0.392
2026-03-23,UAE,facebook,197700,9,304194,130082,3668,140744.0,0.437
2026-03-30,UAE,instagram,440181,4,386217,176984,7471,166758.0,0.381
2026-03-30,UAE,tiktok,385975,10,385709,174780,12483,132424.0,0.435
2026-03-30,UAE,YT,254218,7,228514,106816,3272,85822.0,0.455
2026-03-30,UAE,Twitter,141305,7,110623,58192,1011,54310.0,0.398
2026-03-30,UAE,Facebook,198232,5,149828,79355,1789,76393.0,0.392
2026-04-06,UAE,Instagram,442537,10,447108,208662,8737,175139.0,0.481
2026-04-06,UAE,TikTok,385515,11,310190,157771,11552,106222.0,0.417
2026-04-06,UAE,YT,256297,4,294745,131581,3869,133684.0,0.437
2026-04-06,UAE,Twitter,143133,7,120205,69332,1271,52359.0,0.443
2026-04-06,UAE,facebook,199230,4,162862,89991,2039,61890.0,0.449
2026-04-13,UAE,instagram,442372,4,422348,185228,6224,219090.0,0.396
2026-04-13,UAE,tiktok,383581,8,387247,194028,11814,114539.0,0.395
2026-04-13,UAE,YT,257078,7,279233,131972,3725,86056.0,0.481
2026-04-13,UAE,Twitter,143817,11,153110,71863,1315,50142.0,0.433
2026-04-13,UAE,facebook,200849,6,142404,68402,1702,51387.0,0.489
2026-04-20,UAE,IG,445353,11,504413,225168,10160,145571.0,0.457
2026-04-20,UAE,tiktok,385651,10,317543,166055,10424,,0.463
2026-04-20,UAE,youtube,258960,5,260827,124380,3686,120105.0,0.392
2026-04-20,UAE,X (Twitter),144162,4,166284,72659,1053,67936.0,0.402
2026-04-20,UAE,FB,200198,7,162368,93135,2054,77390.0,0.379
2026-04-27,UAE,instagram,448106,6,469970,220834,9609,176567.0,0.456
2026-04-27,UAE,tiktok,386571,11,309519,178315,11554,137351.0,0.452
2026-04-27,UAE,YouTube,260275,11,229576,121046,3378,83278.0,0.407
2026-04-27,UAE,X (Twitter),144975,4,97491,52169,875,44352.0,0.317
2026-04-27,UAE,Facebook,202574,5,217302,94901,2277,107710.0,0.38
2026-05-04,UAE,Instagram,450380,8,348715,212755,8251,122527.0,0.378
2026-05-04,UAE,Tik Tok,389063,10,432756,225562,13733,144783.0,0.404
2026-05-04,UAE,YouTube,259100,4,180728,99934,3001,87646.0,0.44
2026-05-04,UAE,X (Twitter),145079,5,120273,71148,1077,39358.0,0.4
2026-05-04,UAE,Facebook,202902,8,172656,97478,2318,72800.0,0.371
2026-05-11,UAE,IG,452266,4,337156,178027,7387,104939.0,0.374
2026-05-11,UAE,tiktok,393762,6,331978,174554,12062,161010.0,0.43
2026-05-11,UAE,YouTube,263238,5,276294,118958,3158,78871.0,0.377
2026-05-11,UAE,X,145285,10,131216,67784,1114,57872.0,0.397
2026-05-11,UAE,FB,202919,9,207076,90558,2062,71127.0,0.429
2026-05-18,UAE,instagram,451084,10,407679,185204,6958,130767.0,0.415
2026-05-18,UAE,TikTok,392528,8,368477,171679,9781,127092.0,0.373
2026-05-18,UAE,youtube,261482,8,228217,105394,2604,98414.0,0.439
2026-05-18,UAE,X (Twitter),144767,6,127171,57842,1090,55552.0,0.492
2026-05-18,UAE,Facebook,203614,10,190478,99738,2267,90577.0,0.436
2026-05-25,UAE,instagram,452949,10,509453,219044,8717,257566.0,0.403
2026-05-25,UAE,TikTok,391526,5,400171,178655,10641,157573.0,0.377
2026-05-25,UAE,youtube,261591,11,200310,111216,3458,57680.0,0.447
2026-05-25,UAE,X (Twitter),146362,8,118466,66357,1030,45069.0,0.427
2026-05-25,UAE,Facebook,205081,6,180050,78409,1699,83569.0,0.491
2026-06-01,UAE,IG,454882,8,265054,164957,5977,114797.0,0.456
2026-06-01,UAE,tiktok,396128,7,342655,189665,14461,156274.0,0.448
2026-06-01,UAE,YT,263963,7,242023,129874,3784,92556.0,0.365
2026-06-01,UAE,X,146286,10,121898,59705,1071,36301.0,0.363
2026-06-01,UAE,FB,205653,4,144180,88086,1898,45579.0,0.411
2026-06-08,UAE,instagram,454764,5,478835,220396,9437,198252.0,0.414
2026-06-08,UAE,TikTok,396831,9,347362,167524,11378,165072.0,0.395
2026-06-08,UAE,YT,265183,5,164229,100498,2335,59568.0,0.365
2026-06-08,UAE,X,145456,7,128004,56705,909,43554.0,0.457
2026-06-08,UAE,Facebook,207117,11,184043,95077,2370,70958.0,0.441
2026-06-15,UAE,instagram,456471,4,346218,196462,7291,,0.379
2026-06-15,UAE,tiktok,398378,5,380492,164716,11066,187486.0,0.413
2026-06-15,UAE,youtube,265056,7,206355,112177,3053,77147.0,0.391
2026-06-15,UAE,Twitter,147748,5,114118,68319,1123,46031.0,0.438
2026-06-15,UAE,FB,206896,7,137060,82772,1814,44729.0,0.393
2026-06-22,UAE,Instagram,461496,10,514426,241215,9895,201590.0,0.416
2026-06-22,UAE,Tik Tok,396045,10,396754,198195,14251,112210.0,0.463
2026-06-22,UAE,youtube,265906,11,244699,125832,3733,94952.0,0.454
2026-06-22,UAE,X (Twitter),147904,4,162151,74974,1297,48536.0,0.396
2026-06-22,UAE,Facebook,207010,9,233451,105014,2179,97188.0,0.415
2026-06-29,UAE,instagram,459874,8,355087,212290,9014,127706.0,0.473
2026-06-29,UAE,TikTok,400395,10,309054,190461,12363,130662.0,0.402
2026-06-29,UAE,youtube,269872,11,176000,109586,3162,86824.0,0.399
2026-06-29,UAE,Twitter,149025,7,118784,72851,1273,39626.0,0.454
2026-06-29,UAE,Facebook,207862,9,186876,78353,1704,77009.0,0.483
2026-07-06,UAE,Instagram,462285,6,545671,231611,9215,185574.0,0.444
2026-07-06,UAE,tiktok,403172,9,301262,134700,7796,111407.0,0.415
2026-07-06,UAE,YT,268993,5,220814,116492,3767,91545.0,0.404
2026-07-06,UAE,X (Twitter),148948,5,150154,65797,1305,58578.0,0.413
2026-07-06,UAE,FB,208725,4,201405,92311,1979,92675.0,0.464
2026-07-13,UAE,Instagram,465311,9,468558,202457,7376,145175.0,0.423
2026-07-13,UAE,tiktok,402699,10,302239,165328,12023,138113.0,0.447
2026-07-13,UAE,YouTube,268053,6,177694,109363,3272,88414.0,0.365
2026-07-13,UAE,Twitter,148826,5,130247,66510,1101,38928.0,0.376
2026-07-13,UAE,FB,207833,5,161815,88677,2231,50043.0,0.506
2026-07-20,UAE,instagram,465576,9,284858,171334,8357,93857.0,0.358
2026-07-20,UAE,Tik Tok,407214,5,342703,176855,12646,127505.0,0.422
2026-07-20,UAE,youtube,270583,7,230430,97772,2924,84589.0,0.377
2026-07-20,UAE,X,149250,10,169453,71895,1194,81398.0,0.436
2026-07-20,UAE,facebook,208784,7,151631,82852,1798,70028.0,0.41
2026-07-27,UAE,instagram,465997,9,363476,226395,9730,108351.0,0.363
2026-07-27,UAE,TikTok,407361,10,379166,182680,11170,114951.0,0.406
2026-07-27,UAE,YouTube,272601,7,264608,135807,4212,111045.0,0.418
2026-07-27,UAE,X,150888,5,144786,75058,1044,,0.445
2026-07-27,UAE,Facebook,210576,4,213088,109867,2508,78266.0,0.459
2025-08-04,KSA,instagram,629757,5,404356,240745,8702,151227.0,0.415
2025-08-04,KSA,Tik Tok,547647,6,499838,293575,19887,182883.0,0.4
2025-08-04,KSA,youtube,367071,4,275360,140223,4144,89996.0,0.372
2025-08-04,KSA,Twitter,204137,5,182102,88103,1433,60464.0,0.373
2025-08-04,KSA,Facebook,287338,8,327948,136733,3406,109653.0,0.403
2025-08-11,KSA,IG,629670,9,410860,235309,9226,172658.0,0.401
2025-08-11,KSA,Tik Tok,551690,7,568847,241652,18420,247448.0,0.384
2025-08-11,KSA,YouTube,369824,4,271888,129188,3516,123539.0,0.429
2025-08-11,KSA,Twitter,204277,10,181278,88463,1597,91333.0,0.37
2025-08-11,KSA,facebook,286220,8,293855,131519,2788,98234.0,0.475
2025-08-18,KSA,Instagram,636991,9,496050,280043,11494,171948.0,0.375
2025-08-18,KSA,TikTok,551233,10,594472,280355,19369,194998.0,0.386
2025-08-18,KSA,YT,368483,5,320835,154429,4518,146361.0,0.45
2025-08-18,KSA,X,205397,8,195523,92403,1531,68561.0,0.406
2025-08-18,KSA,FB,286080,7,295419,149588,3193,97641.0,0.39
2025-08-25,KSA,IG,638884,9,622980,291793,11586,277030.0,0.37
2025-08-25,KSA,Tik Tok,554662,4,525377,305371,19787,164934.0,0.408
2025-08-25,KSA,YT,371700,8,335084,143274,4384,155902.0,0.409
2025-08-25,KSA,Twitter,207212,7,153328,82876,1505,53258.0,0.428
2025-08-25,KSA,FB,287403,8,346522,151559,3663,118751.0,0.392
2025-09-01,KSA,instagram,645805,8,618650,274015,10358,,0.427
2025-09-01,KSA,Tik Tok,565959,11,488202,263736,18708,252233.0,0.357
2025-09-01,KSA,youtube,373629,4,309372,151417,4209,89147.0,0.385
2025-09-01,KSA,X (Twitter),208043,7,200715,84447,1320,82108.0,0.397
2025-09-01,KSA,facebook,290030,6,311544,148734,3405,133659.0,0.416
2025-09-08,KSA,Instagram,646215,7,617496,315436,10069,241914.0,0.396
2025-09-08,KSA,tiktok,561762,8,361877,209750,14638,179337.0,0.48
2025-09-08,KSA,YouTube,378078,5,354674,201276,5358,129320.0,0.364
2025-09-08,KSA,Twitter,209220,7,237312,102933,1889,110616.0,0.468
2025-09-08,KSA,FB,290726,4,275885,118732,2376,108268.0,0.412
2025-09-15,KSA,instagram,647780,11,537138,320550,15314,162806.0,0.393
2025-09-15,KSA,TikTok,565435,6,487263,260693,15761,208266.0,0.417
2025-09-15,KSA,youtube,377672,7,325945,153660,4338,122673.0,0.414
2025-09-15,KSA,X (Twitter),209683,5,193774,93491,1460,92336.0,0.424
2025-09-15,KSA,FB,292755,8,258047,111943,2430,98963.0,0.36
2025-09-22,KSA,instagram,648229,11,433177,222861,8634,213071.0,0.33
2025-09-22,KSA,tiktok,566591,5,585143,245049,14937,217889.0,0.417
2025-09-22,KSA,YouTube,378407,7,443099,205822,6092,184396.0,0.392
2025-09-22,KSA,Twitter,211011,5,155499,90626,1490,44436.0,0.404
2025-09-22,KSA,facebook,293533,6,288642,139709,3471,94217.0,0.411
2025-09-29,KSA,IG,654486,9,538448,298797,11690,174331.0,0.44
2025-09-29,KSA,TikTok,564178,6,628920,268215,18447,192120.0,0.475
2025-09-29,KSA,YT,378489,4,267296,136412,4208,107002.0,0.388
2025-09-29,KSA,Twitter,210479,8,137609,78547,1288,69916.0,0.434
2025-09-29,KSA,Facebook,296949,7,263409,112261,2114,,0.398
2025-10-06,KSA,Instagram,659111,11,587807,316466,12142,193386.0,0.356
2025-10-06,KSA,TikTok,573570,8,344723,207865,13424,103997.0,0.396
2025-10-06,KSA,YouTube,380521,8,270833,157289,4396,94141.0,0.388
2025-10-06,KSA,X (Twitter),211643,4,160124,94552,1646,74553.0,0.38
2025-10-06,KSA,FB,295354,4,209922,112132,2131,104944.0,0.443
2025-10-13,KSA,Instagram,656980,11,740385,328457,12947,248245.0,0.474
2025-10-13,KSA,TikTok,571567,8,529506,257849,15354,263375.0,0.422
2025-10-13,KSA,youtube,383979,7,336594,162112,5221,139064.0,0.401
2025-10-13,KSA,Twitter,211530,8,197368,87214,1724,63637.0,0.376
2025-10-13,KSA,FB,298695,6,297134,125845,2474,153562.0,0.413
2025-10-20,KSA,IG,660790,11,688219,292968,12021,274278.0,0.453
2025-10-20,KSA,tiktok,574451,11,518439,222064,12988,262074.0,0.363
2025-10-20,KSA,YT,389248,4,303886,179892,4721,94313.0,0.39
2025-10-20,KSA,X,213414,8,191062,97080,1550,68202.0,0.445
2025-10-20,KSA,facebook,300293,5,264587,117513,2324,137509.0,0.432
2025-10-27,KSA,instagram,666601,10,545229,239851,7867,,0.355
2025-10-27,KSA,tiktok,575453,4,622168,323711,21325,263470.0,0.409
2025-10-27,KSA,YT,386194,6,422694,190475,5183,164439.0,0.419
2025-10-27,KSA,Twitter,214036,8,231244,109378,1794,95182.0,0.383
2025-10-27,KSA,Facebook,298414,11,231090,129957,2330,108663.0,0.401
2025-11-03,KSA,instagram,671093,11,454318,274236,11342,149238.0,0.391
2025-11-03,KSA,Tik Tok,585456,11,566678,267802,18002,231182.0,0.422
2025-11-03,KSA,YouTube,387729,4,346973,204009,5594,115127.0,0.416
2025-11-03,KSA,Twitter,214954,5,167994,93240,1467,82479.0,0.395
2025-11-03,KSA,facebook,301833,5,293078,131886,3491,148566.0,0.348
2025-11-10,KSA,Instagram,674143,10,375621,229801,9897,173637.0,0.386
2025-11-10,KSA,tiktok,581879,7,613305,277150,15964,318595.0,0.446
2025-11-10,KSA,YouTube,389993,7,262621,145006,3588,118099.0,0.48
2025-11-10,KSA,Twitter,218211,8,159701,96399,1887,65559.0,0.396
2025-11-10,KSA,facebook,300907,9,269336,131119,2650,137014.0,0.405
2025-11-17,KSA,IG,674247,9,815033,403718,15304,396811.0,0.362
2025-11-17,KSA,tiktok,586606,4,746642,379294,28430,357131.0,0.444
2025-11-17,KSA,youtube,392522,8,667429,306639,9549,321385.0,0.396
2025-11-17,KSA,X (Twitter),217282,6,324619,156982,2627,107634.0,0.47
2025-11-17,KSA,FB,304299,9,408749,194738,3948,192043.0,0.415
2025-11-24,KSA,Instagram,676834,8,856245,518223,21830,392626.0,0.391
2025-11-24,KSA,Tik Tok,590641,5,917407,492004,32870,383244.0,0.469
2025-11-24,KSA,YT,394144,10,509377,292248,8316,195580.0,0.34
2025-11-24,KSA,X,218550,7,359805,175071,3098,157129.0,0.462
2025-11-24,KSA,Facebook,305805,7,406531,206107,4626,160141.0,0.421
2025-12-01,KSA,Instagram,679994,8,725617,328044,11705,211975.0,0.357
2025-12-01,KSA,TikTok,596596,4,655965,355548,22370,316314.0,0.462
2025-12-01,KSA,youtube,393578,9,434428,203872,5489,126609.0,0.423
2025-12-01,KSA,X,218440,7,258713,141191,2170,90730.0,0.483
2025-12-01,KSA,facebook,309167,4,298383,157836,3463,131221.0,0.389
2025-12-08,KSA,Instagram,684269,4,652810,304027,11596,201741.0,0.422
2025-12-08,KSA,tiktok,599562,10,634052,299213,20982,307074.0,0.462
2025-12-08,KSA,youtube,398066,6,325042,178389,6312,91263.0,0.449
2025-12-08,KSA,X (Twitter),220229,6,194300,95228,1334,89054.0,0.358
2025-12-08,KSA,facebook,307890,6,216484,124124,2525,96161.0,0.459
2025-12-15,KSA,IG,691052,8,918466,388099,17659,262804.0,0.5
2025-12-15,KSA,tiktok,599200,9,733161,320227,18775,286470.0,0.469
2025-12-15,KSA,YT,402942,7,352578,210265,5949,153994.0,0.401
2025-12-15,KSA,X (Twitter),221102,8,241406,126260,2177,103776.0,0.509
2025-12-15,KSA,facebook,306956,6,401919,182230,3838,193354.0,0.381
2025-12-22,KSA,instagram,689889,9,604689,373769,13284,185805.0,0.478
2025-12-22,KSA,TikTok,597159,8,614801,276991,19098,291307.0,0.488
2025-12-22,KSA,YT,400078,7,392332,229806,7352,184671.0,0.392
2025-12-22,KSA,X,223494,11,297562,130754,2082,96135.0,0.395
2025-12-22,KSA,facebook,311252,8,340022,150783,3328,129682.0,0.452
2025-12-29,KSA,IG,694383,6,925937,420157,19345,317645.0,0.458
2025-12-29,KSA,Tik Tok,603350,4,628457,276731,18587,232174.0,0.339
2025-12-29,KSA,youtube,400497,7,377932,213421,4594,119540.0,0.42
2025-12-29,KSA,Twitter,222844,11,236579,116143,1777,117389.0,0.386
2025-12-29,KSA,Facebook,313136,10,326280,178917,3658,141731.0,0.412
2026-01-05,KSA,IG,694904,11,794470,332728,15372,299811.0,0.434
2026-01-05,KSA,tiktok,608755,6,533815,240455,15042,254303.0,0.431
2026-01-05,KSA,youtube,401114,4,285191,169223,5468,84525.0,0.374
2026-01-05,KSA,X,223373,11,210670,105645,1962,65001.0,0.414
2026-01-05,KSA,Facebook,316006,7,213770,130958,2771,83687.0,0.46
2026-01-12,KSA,instagram,699420,7,592343,337645,13781,189986.0,0.434
2026-01-12,KSA,tiktok,607052,11,644075,323917,21778,274872.0,0.431
2026-01-12,KSA,YouTube,405949,7,445062,198806,6196,215334.0,0.444
2026-01-12,KSA,X (Twitter),224189,6,217518,106591,1785,81692.0,0.468
2026-01-12,KSA,Facebook,315854,11,197510,110463,2268,84519.0,0.357
2026-01-19,KSA,IG,696250,11,471436,231730,10131,,0.446
2026-01-19,KSA,TikTok,610551,11,488340,208933,15067,219552.0,0.369
2026-01-19,KSA,YouTube,405423,7,306972,141550,3861,129041.0,0.426
2026-01-19,KSA,X,225193,6,191951,85332,1442,95487.0,0.422
2026-01-19,KSA,Facebook,317063,7,255538,118151,2296,101770.0,0.469
2026-01-26,KSA,IG,704328,6,570097,258497,9992,262998.0,0.452
2026-01-26,KSA,Tik Tok,616569,4,424085,261294,17913,192118.0,0.498
2026-01-26,KSA,youtube,411440,10,287030,132427,3704,95826.0,0.476
2026-01-26,KSA,Twitter,227669,11,115603,69627,1239,38735.0,0.444
2026-01-26,KSA,FB,315199,11,203143,94441,2160,74687.0,0.402
2026-02-02,KSA,IG,709266,9,578786,275546,10681,191016.0,0.449
2026-02-02,KSA,Tik Tok,612829,7,377606,207364,16150,178791.0,0.416
2026-02-02,KSA,YT,406982,11,342502,163026,5366,96819.0,0.433
2026-02-02,KSA,X,226948,6,177116,80505,1241,71613.0,0.439
2026-02-02,KSA,FB,319716,4,254320,135889,3123,125785.0,0.481
2026-02-09,KSA,IG,711824,5,592716,249994,10258,247246.0,0.452
2026-02-09,KSA,TikTok,616018,5,320142,196620,14474,152072.0,0.493
2026-02-09,KSA,youtube,413709,9,403499,179701,5278,172603.0,0.472
2026-02-09,KSA,X,231047,8,159287,72322,1278,69865.0,0.459
2026-02-09,KSA,FB,321055,7,203440,119998,2374,90719.0,0.516
2026-02-16,KSA,instagram,707422,7,572006,273973,10220,214256.0,0.444
2026-02-16,KSA,TikTok,622759,10,347953,190880,13391,154144.0,0.483
2026-02-16,KSA,youtube,414811,4,285125,146780,4908,101593.0,0.38
2026-02-16,KSA,X,230791,11,184151,94736,1821,66682.0,0.415
2026-02-16,KSA,facebook,323140,7,259287,121110,2802,109263.0,0.506
2026-02-23,KSA,instagram,707874,9,564634,285159,13955,255499.0,0.383
2026-02-23,KSA,tiktok,622738,7,482794,300770,24459,162071.0,0.463
2026-02-23,KSA,YouTube,415664,7,386565,182941,6371,168521.0,0.462
2026-02-23,KSA,Twitter,231718,5,179132,96042,1880,53741.0,0.409
2026-02-23,KSA,facebook,322854,5,330868,158214,3820,96543.0,0.32
2026-03-02,KSA,Instagram,717568,5,1155250,489184,27770,518084.0,0.396
2026-03-02,KSA,Tik Tok,626906,4,570631,341114,37838,175475.0,0.41
2026-03-02,KSA,YouTube,417084,8,365820,216474,8842,105157.0,0.365
2026-03-02,KSA,X,231141,11,240407,114579,2193,75802.0,0.368
2026-03-02,KSA,Facebook,322733,4,339430,153465,4384,102329.0,0.44
2026-03-09,KSA,Instagram,718739,11,864658,423984,25210,281225.0,0.137
2026-03-09,KSA,TikTok,625072,6,672121,370031,36484,268209.0,0.099
2026-03-09,KSA,YouTube,417155,4,544933,253482,9884,219214.0,0.05
2026-03-09,KSA,X (Twitter),231981,8,231442,103741,2492,109893.0,0.103
2026-03-09,KSA,facebook,323675,11,388808,167121,5027,126288.0,0.136
2026-03-16,KSA,IG,717836,6,836064,383398,21429,352060.0,0.145
2026-03-16,KSA,tiktok,628018,8,675270,317611,24961,242894.0,0.099
2026-03-16,KSA,YT,417195,9,401872,218570,6500,200420.0,0.15
2026-03-16,KSA,X (Twitter),231290,6,236537,101058,2303,97892.0,0.095
2026-03-16,KSA,facebook,327489,6,393646,196520,5278,159364.0,0.088
2026-03-23,KSA,IG,721917,6,579191,356795,19967,230061.0,0.412
2026-03-23,KSA,tiktok,627470,6,541256,280419,27681,152232.0,0.437
2026-03-23,KSA,YT,423925,7,407659,184276,6426,139408.0,0.412
2026-03-23,KSA,X,234548,4,176211,93119,2042,82061.0,0.396
2026-03-23,KSA,FB,327804,5,256679,135164,4216,98080.0,0.396
2026-03-30,KSA,Instagram,728712,7,574466,248820,9054,197688.0,0.389
2026-03-30,KSA,TikTok,637607,9,451112,241236,16482,128488.0,0.406
2026-03-30,KSA,YouTube,424509,6,439395,202803,5766,129271.0,0.439
2026-03-30,KSA,X,235815,9,200006,98450,1403,95177.0,0.422
2026-03-30,KSA,FB,326819,11,238788,110718,2448,82008.0,0.427
2026-04-06,KSA,instagram,732295,11,450783,277719,10157,127180.0,0.436
2026-04-06,KSA,tiktok,638022,6,434042,265156,17119,122402.0,0.426
2026-04-06,KSA,youtube,421491,4,345086,151657,4326,103455.0,0.376
2026-04-06,KSA,X (Twitter),235921,8,165434,91919,1395,81344.0,0.392
2026-04-06,KSA,FB,332218,7,269329,135169,2863,84930.0,0.436
2026-04-13,KSA,instagram,731705,8,640253,310077,14013,295409.0,0.4
2026-04-13,KSA,Tik Tok,640720,11,610967,257858,14717,294899.0,0.386
2026-04-13,KSA,YouTube,427483,11,317482,132480,3617,101407.0,0.446
2026-04-13,KSA,Twitter,235951,6,189109,83433,1401,85751.0,0.378
2026-04-13,KSA,facebook,331448,4,165587,95024,2271,83024.0,0.377
2026-04-20,KSA,Instagram,734186,7,534614,256218,9341,198750.0,0.435
2026-04-20,KSA,TikTok,641233,8,543177,227574,13813,157943.0,0.444
2026-04-20,KSA,YouTube,428167,7,345750,177936,5649,99489.0,0.515
2026-04-20,KSA,Twitter,237764,4,186747,88921,1294,95170.0,0.451
2026-04-20,KSA,FB,334295,7,302910,154748,3300,137619.0,0.459
2026-04-27,KSA,IG,738731,11,554441,295138,10865,169121.0,0.426
2026-04-27,KSA,tiktok,642815,9,454763,236283,16211,130921.0,0.379
2026-04-27,KSA,YouTube,429855,7,405641,174823,5185,157722.0,0.456
2026-04-27,KSA,Twitter,238482,10,193799,95487,1789,61000.0,0.414
2026-04-27,KSA,FB,335740,6,267247,125679,2573,83066.0,0.479
2026-05-04,KSA,instagram,734655,6,572825,280231,11689,262087.0,0.397
2026-05-04,KSA,tiktok,645396,4,485631,245588,18158,170478.0,0.383
2026-05-04,KSA,YT,428745,6,279282,137477,3973,81427.0,0.444
2026-05-04,KSA,X (Twitter),237756,7,195267,100157,1684,84179.0,0.413
2026-05-04,KSA,Facebook,333978,6,252956,112628,2665,126102.0,0.439
2026-05-11,KSA,IG,745249,8,628002,300376,11960,264460.0,0.461
2026-05-11,KSA,Tik Tok,645435,6,488812,290165,18419,177055.0,0.421
2026-05-11,KSA,YouTube,430704,5,323391,154642,5231,104700.0,0.417
2026-05-11,KSA,Twitter,239794,4,158518,77922,1316,55079.0,0.437
2026-05-11,KSA,facebook,334787,8,238875,119641,2427,75093.0,0.433
2026-05-18,KSA,IG,746440,9,466647,269249,10926,135873.0,0.39
2026-05-18,KSA,Tik Tok,646596,7,488204,297708,17408,243395.0,0.397
2026-05-18,KSA,YT,433613,7,384914,179637,5361,184218.0,0.336
2026-05-18,KSA,X,240219,9,185250,114154,1704,76909.0,0.402
2026-05-18,KSA,FB,338974,8,240249,117573,2271,113499.0,0.437
2026-05-25,KSA,instagram,746806,4,582155,268298,9827,228931.0,0.374
2026-05-25,KSA,TikTok,652774,11,561552,276895,16289,255976.0,0.404
2026-05-25,KSA,YouTube,434755,11,361355,163811,4523,,0.48
2026-05-25,KSA,Twitter,241327,6,174843,99067,1591,88073.0,0.426
2026-05-25,KSA,facebook,335681,11,272792,148703,3032,114144.0,0.472
2026-06-01,KSA,IG,748800,4,496713,272699,10725,140982.0,0.445
2026-06-01,KSA,Tik Tok,656917,6,493998,222119,14408,211204.0,0.455
2026-06-01,KSA,youtube,436457,4,333664,150718,4443,138269.0,0.439
2026-06-01,KSA,X,241900,11,169605,92021,1777,79474.0,0.395
2026-06-01,KSA,Facebook,338895,7,217515,100444,2224,71732.0,0.443
2026-06-08,KSA,IG,760598,8,565837,245658,10089,207267.0,0.395
2026-06-08,KSA,tiktok,657494,5,536129,277905,21042,163856.0,0.404
2026-06-08,KSA,YouTube,438201,7,361235,194465,5425,160830.0,0.408
2026-06-08,KSA,X,242615,8,182684,93429,1747,61706.0,0.402
2026-06-08,KSA,facebook,342069,7,235811,129807,3415,80505.0,0.415
2026-06-15,KSA,IG,751382,8,674175,322630,12068,284518.0,0.363
2026-06-15,KSA,TikTok,654937,5,393885,223443,15325,168433.0,0.475
2026-06-15,KSA,youtube,439095,4,221772,130389,3616,93367.0,0.425
2026-06-15,KSA,Twitter,242168,11,214339,106881,1801,104897.0,0.431
2026-06-15,KSA,FB,342748,10,233069,97480,2238,101661.0,0.377
2026-06-22,KSA,IG,764020,5,716870,302995,11785,352937.0,0.45
2026-06-22,KSA,TikTok,663306,4,343558,208150,14729,157262.0,0.444
2026-06-22,KSA,youtube,439206,11,243726,131498,3576,73294.0,0.449
2026-06-22,KSA,X (Twitter),246693,9,174849,89737,1634,62183.0,0.404
2026-06-22,KSA,facebook,344216,7,211800,128467,2636,62716.0,0.488
2026-06-29,KSA,Instagram,760077,9,616685,278452,10461,210516.0,0.43
2026-06-29,KSA,Tik Tok,662901,5,567954,282911,17783,211184.0,0.408
2026-06-29,KSA,YT,444715,10,287097,176109,5507,103351.0,0.415
2026-06-29,KSA,X (Twitter),244549,9,187308,111008,2087,86917.0,0.427
2026-06-29,KSA,facebook,345384,7,264289,142343,3164,100666.0,0.455
2026-07-06,KSA,instagram,768887,5,620507,301998,12294,212190.0,0.443
2026-07-06,KSA,TikTok,667295,6,430134,254984,17100,121891.0,0.5
2026-07-06,KSA,YT,444559,6,299285,149141,4742,151763.0,0.412
2026-07-06,KSA,X,249471,4,239181,108042,2041,93407.0,0.413
2026-07-06,KSA,Facebook,343091,9,278488,130089,2560,102288.0,0.488
2026-07-13,KSA,instagram,770330,6,566315,335939,11810,269334.0,0.466
2026-07-13,KSA,TikTok,669455,9,655834,295481,17738,214339.0,0.44
2026-07-13,KSA,YT,447776,9,298307,160699,5077,129568.0,0.415
2026-07-13,KSA,X,250524,11,205296,89379,1623,58961.0,0.47
2026-07-13,KSA,facebook,348358,7,273980,127323,2377,92231.0,0.438
2026-07-20,KSA,Instagram,771252,11,621473,343081,13972,230608.0,0.434
2026-07-20,KSA,TikTok,671351,9,597001,253055,17361,177165.0,0.45
2026-07-20,KSA,YouTube,446096,11,370094,193127,6587,166993.0,0.409
2026-07-20,KSA,X,245553,9,146783,89692,1715,55730.0,0.434
2026-07-20,KSA,facebook,346870,11,316848,147248,3509,131792.0,0.41
2026-07-27,KSA,IG,771199,8,476485,291107,12429,178284.0,0.461
2026-07-27,KSA,TikTok,667060,7,391425,212138,14748,131051.0,0.492
2026-07-27,KSA,youtube,446030,6,354245,161554,5187,152010.0,0.394
2026-07-27,KSA,X,249630,11,242860,116470,1956,123615.0,0.393
2026-07-27,KSA,Facebook,348482,10,254969,135604,2858,86107.0,0.379
2025-08-04,Egypt,instagram,513928,8,281334,127149,5159,122090.0,0.435
2025-08-04,Egypt,tiktok,450366,11,259954,108859,6668,120753.0,0.376
2025-08-04,Egypt,YT,301188,4,167934,72401,2275,84973.0,0.381
2025-08-04,Egypt,Twitter,167906,10,88573,40110,611,37221.0,0.409
2025-08-04,Egypt,FB,232439,5,96729,54785,1294,38975.0,0.374
2025-08-11,Egypt,IG,520046,8,301672,165474,5941,103271.0,0.424
2025-08-11,Egypt,tiktok,453117,5,237146,109245,6898,72554.0,0.413
2025-08-11,Egypt,YT,299095,4,158333,84080,2528,55462.0,0.392
2025-08-11,Egypt,Twitter,167039,11,116867,49238,811,32939.0,0.402
2025-08-11,Egypt,facebook,235158,4,158933,75230,1527,63281.0,0.379
2025-08-18,Egypt,instagram,519320,10,294440,170450,7340,140810.0,0.411
2025-08-18,Egypt,TikTok,455165,5,340101,143598,9737,133267.0,0.427
2025-08-18,Egypt,youtube,302619,5,136942,68366,2251,66920.0,0.404
2025-08-18,Egypt,X,168210,9,95811,46630,755,48608.0,0.358
2025-08-18,Egypt,facebook,235062,11,143454,65625,1395,70058.0,0.336
2025-08-25,Egypt,IG,524755,10,343162,170889,7072,138855.0,0.446
2025-08-25,Egypt,tiktok,456330,7,306142,140042,9821,,0.427
2025-08-25,Egypt,youtube,302920,7,207261,106316,3006,62018.0,0.475
2025-08-25,Egypt,Twitter,168700,7,82434,47832,894,32585.0,0.426
2025-08-25,Egypt,Facebook,236487,6,112240,64660,1350,50852.0,0.392
2025-09-01,Egypt,instagram,525312,8,223128,132241,6558,107381.0,0.381
2025-09-01,Egypt,tiktok,456775,10,253845,127195,9077,84121.0,0.352
2025-09-01,Egypt,YT,305303,6,145940,79719,2356,66546.0,0.393
2025-09-01,Egypt,X,170184,6,85850,37550,646,24794.0,0.381
2025-09-01,Egypt,FB,237670,5,87477,54548,1275,42376.0,0.436
2025-09-08,Egypt,IG,529208,6,280043,118099,4707,79265.0,0.369
2025-09-08,Egypt,tiktok,463011,6,224132,109235,6939,72858.0,0.402
2025-09-08,Egypt,YT,308278,4,195839,82225,2827,93896.0,0.455
2025-09-08,Egypt,X,170516,7,77959,34878,507,,0.432
2025-09-08,Egypt,facebook,238527,8,152802,64502,1501,67862.0,0.414
2025-09-15,Egypt,IG,532225,7,381444,162608,7140,127297.0,0.427
2025-09-15,Egypt,TikTok,461065,6,226320,115056,7303,64727.0,0.446
2025-09-15,Egypt,YouTube,311659,8,137750,79399,2360,58869.0,0.458
2025-09-15,Egypt,X (Twitter),171357,4,83445,45251,724,35105.0,0.421
2025-09-15,Egypt,Facebook,240084,10,101673,50343,1021,49481.0,0.457
2025-09-22,Egypt,IG,537366,4,320062,135075,5040,99454.0,0.416
2025-09-22,Egypt,Tik Tok,466997,9,267411,116206,7156,105771.0,0.374
2025-09-22,Egypt,youtube,309362,6,174192,83443,2383,79356.0,0.396
2025-09-22,Egypt,Twitter,172905,8,81928,42557,623,30043.0,0.344
2025-09-22,Egypt,facebook,241387,5,176722,79352,1632,75945.0,0.455
2025-09-29,Egypt,instagram,536437,10,288350,132275,5525,115751.0,0.434
2025-09-29,Egypt,tiktok,469482,7,186028,104216,7014,79283.0,0.429
2025-09-29,Egypt,YouTube,310713,8,193184,86774,2631,71154.0,0.398
2025-09-29,Egypt,X,171547,4,111209,51061,874,40814.0,0.367
2025-09-29,Egypt,facebook,242952,8,106309,57176,1308,41172.0,0.46
2025-10-06,Egypt,Instagram,541054,4,231933,131242,4953,68242.0,0.475
2025-10-06,Egypt,tiktok,465295,10,298323,141276,10386,150800.0,0.413
2025-10-06,Egypt,youtube,313182,8,123088,72866,2209,39046.0,0.423
2025-10-06,Egypt,X (Twitter),174068,7,80917,49069,870,24344.0,0.429
2025-10-06,Egypt,FB,242618,10,193186,84171,1909,98742.0,0.34
2025-10-13,Egypt,IG,538830,10,289614,150610,6431,92467.0,0.408
2025-10-13,Egypt,TikTok,472844,4,272490,116608,7574,93690.0,0.454
2025-10-13,Egypt,YT,316591,11,186543,98690,2833,53113.0,0.385
2025-10-13,Egypt,Twitter,174179,8,90354,45165,802,26317.0,0.432
2025-10-13,Egypt,facebook,243535,6,117484,67622,1579,59336.0,0.427
2025-10-20,Egypt,Instagram,544910,4,293775,176220,7672,132723.0,0.457
2025-10-20,Egypt,tiktok,471303,11,248563,109530,7561,79517.0,0.426
2025-10-20,Egypt,youtube,318025,11,188352,98876,3021,92789.0,0.433
2025-10-20,Egypt,Twitter,176381,8,96634,47363,736,48104.0,0.415
2025-10-20,Egypt,FB,244564,8,133847,72365,1974,53104.0,0.469
2025-10-27,Egypt,instagram,543299,4,362070,187535,7593,158798.0,0.459
2025-10-27,Egypt,Tik Tok,475498,7,278676,121780,7699,81013.0,0.417
2025-10-27,Egypt,YouTube,317160,11,118631,71938,2047,43516.0,0.45
2025-10-27,Egypt,X,176418,10,73684,38014,636,22726.0,0.414
2025-10-27,Egypt,facebook,248277,5,100607,49905,1088,34992.0,0.446
2025-11-03,Egypt,Instagram,546212,4,230514,127124,5108,103209.0,0.402
2025-11-03,Egypt,TikTok,478103,6,338891,153006,9256,95965.0,0.402
2025-11-03,Egypt,YT,318316,5,147352,73504,2348,55528.0,0.458
2025-11-03,Egypt,X,176621,5,129675,57176,982,61953.0,0.377
2025-11-03,Egypt,facebook,247150,9,160996,69220,1212,46715.0,0.401
2025-11-10,Egypt,IG,549499,6,361215,169002,5670,137371.0,0.362
2025-11-10,Egypt,Tik Tok,479017,9,254201,121098,6723,116206.0,0.422
2025-11-10,Egypt,YT,319554,5,175436,85481,2257,66257.0,0.377
2025-11-10,Egypt,X (Twitter),177026,9,67512,40751,701,27825.0,0.458
2025-11-10,Egypt,Facebook,248212,10,174848,78628,2019,83364.0,0.419
2025-11-17,Egypt,Instagram,552054,11,332353,179771,7140,118853.0,0.427
2025-11-17,Egypt,tiktok,479606,9,415996,191874,11607,123758.0,0.388
2025-11-17,Egypt,youtube,319532,6,210778,117921,3137,107634.0,0.375
2025-11-17,Egypt,Twitter,178272,6,144499,61810,1052,65066.0,0.41
2025-11-17,Egypt,facebook,249348,9,179652,97504,2288,86185.0,0.4
2025-11-24,Egypt,IG,554702,7,318972,194078,7310,144305.0,0.46
2025-11-24,Egypt,Tik Tok,481042,6,539210,230101,15136,229850.0,0.417
2025-11-24,Egypt,youtube,321867,6,225834,107604,3173,92461.0,0.476
2025-11-24,Egypt,X (Twitter),178026,11,127189,70730,1149,39135.0,0.4
2025-11-24,Egypt,FB,251400,4,241420,114410,2533,86275.0,0.342
2025-12-01,Egypt,Instagram,561163,10,297505,168617,8188,98322.0,0.468
2025-12-01,Egypt,Tik Tok,486539,6,356865,154506,10305,122455.0,0.36
2025-12-01,Egypt,YT,325758,11,216419,115878,3302,110831.0,0.395
2025-12-01,Egypt,X,180088,9,116110,52823,838,49291.0,0.471
2025-12-01,Egypt,FB,251635,8,193304,85248,1838,60296.0,0.363
2025-12-08,Egypt,IG,556746,10,337762,170544,5820,107251.0,0.45
2025-12-08,Egypt,Tik Tok,490046,8,312633,170174,13110,114027.0,0.347
2025-12-08,Egypt,youtube,327730,5,169024,84647,2529,58472.0,0.458
2025-12-08,Egypt,X,182137,10,88042,43514,521,29538.0,0.435
2025-12-08,Egypt,facebook,254046,8,131768,70935,1473,61796.0,0.414
2025-12-15,Egypt,instagram,560637,7,434247,185526,7998,176016.0,0.435
2025-12-15,Egypt,tiktok,488854,9,224491,134106,8813,,0.35
2025-12-15,Egypt,youtube,326079,5,190045,107519,2778,98061.0,0.373
2025-12-15,Egypt,X (Twitter),181357,7,115889,56023,1014,44311.0,0.452
2025-12-15,Egypt,facebook,255090,6,188091,86524,1702,60930.0,0.411
2025-12-22,Egypt,instagram,570296,4,371544,168981,7347,156889.0,0.396
2025-12-22,Egypt,Tik Tok,493057,7,304134,165640,10200,114364.0,0.378
2025-12-22,Egypt,YT,327811,11,186752,91203,2587,96115.0,0.492
2025-12-22,Egypt,Twitter,182629,9,124364,63566,1141,61407.0,0.437
2025-12-22,Egypt,Facebook,256754,7,231315,98798,2164,89836.0,0.421
2025-12-29,Egypt,instagram,567604,10,342013,150536,6986,97573.0,0.444
2025-12-29,Egypt,tiktok,494698,11,301390,132639,10690,97835.0,0.41
2025-12-29,Egypt,YouTube,331104,9,208084,90058,2796,79470.0,0.437
2025-12-29,Egypt,X (Twitter),182725,9,100297,50187,883,39351.0,0.415
2025-12-29,Egypt,Facebook,256462,11,124538,70927,1772,,0.423
2026-01-05,Egypt,IG,565050,4,317212,154335,6593,114557.0,0.456
2026-01-05,Egypt,TikTok,497220,10,234563,109862,7373,102877.0,0.408
2026-01-05,Egypt,YouTube,329013,9,171213,92660,2574,71856.0,0.421
2026-01-05,Egypt,X,184590,10,113372,54003,855,54331.0,0.467
2026-01-05,Egypt,Facebook,257599,4,126567,57956,1205,58220.0,0.476
2026-01-12,Egypt,instagram,571646,10,282402,137508,5454,121516.0,0.474
2026-01-12,Egypt,TikTok,500064,4,261378,126081,8250,94036.0,0.461
2026-01-12,Egypt,YT,331575,5,164540,79651,2469,55269.0,0.4
2026-01-12,Egypt,X (Twitter),184165,7,101859,60474,989,48266.0,0.41
2026-01-12,Egypt,facebook,258672,10,173737,84395,1938,56803.0,0.438
2026-01-19,Egypt,instagram,569547,4,309369,130022,6701,146559.0,0.435
2026-01-19,Egypt,tiktok,502115,9,209190,96172,6774,67673.0,0.429
2026-01-19,Egypt,YouTube,336593,9,186099,93124,2939,91285.0,0.421
2026-01-19,Egypt,X,184767,5,107557,49835,846,,0.384
2026-01-19,Egypt,FB,258685,5,113288,70363,1404,33449.0,0.456
2026-01-26,Egypt,instagram,579416,5,285616,150736,6572,102436.0,0.424
2026-01-26,Egypt,tiktok,504456,9,282546,127564,8299,92659.0,0.394
2026-01-26,Egypt,YouTube,336010,6,170262,79948,2377,74983.0,0.42
2026-01-26,Egypt,X (Twitter),186433,6,80317,42128,744,35853.0,0.419
2026-01-26,Egypt,Facebook,261321,5,159034,68297,1230,65269.0,0.451
2026-02-02,Egypt,Instagram,580800,7,351397,160415,6968,,0.429
2026-02-02,Egypt,Tik Tok,508104,7,268156,123876,8339,134419.0,0.441
2026-02-02,Egypt,YT,338185,9,181209,87357,2685,57286.0,0.463
2026-02-02,Egypt,Twitter,185509,7,101610,47541,920,35555.0,0.398
2026-02-02,Egypt,facebook,262429,6,162748,69365,1424,68202.0,0.487
2026-02-09,Egypt,IG,585407,8,221650,108334,4727,86019.0,0.344
2026-02-09,Egypt,tiktok,505121,4,294034,129032,8628,102610.0,0.427
2026-02-09,Egypt,YouTube,339042,7,169475,93602,2715,47542.0,0.476
2026-02-09,Egypt,X (Twitter),187790,10,88047,39096,663,26353.0,0.392
2026-02-09,Egypt,FB,264317,10,85084,50768,976,28562.0,0.46
2026-02-16,Egypt,Instagram,583018,5,178276,105617,4801,73442.0,0.414
2026-02-16,Egypt,tiktok,509650,5,156416,90604,6343,81310.0,0.478
2026-02-16,Egypt,youtube,339802,5,106211,60026,1686,31835.0,0.384
2026-02-16,Egypt,X (Twitter),188909,10,66293,32533,555,25174.0,0.372
2026-02-16,Egypt,facebook,263762,5,113489,58393,1349,41227.0,0.413
2026-02-23,Egypt,Instagram,585112,7,260200,122140,4877,123246.0,0.389
2026-02-23,Egypt,TikTok,512064,4,211597,103530,6575,78883.0,0.427
2026-02-23,Egypt,youtube,340450,4,160518,100145,3201,73815.0,0.421
2026-02-23,Egypt,Twitter,188858,6,118611,57148,1119,46820.0,0.464
2026-02-23,Egypt,Facebook,265250,11,115254,58453,1377,41410.0,0.463
2026-03-02,Egypt,IG,592549,10,298351,167345,9277,138320.0,0.445
2026-03-02,Egypt,tiktok,508462,4,252212,154189,14974,120129.0,0.364
2026-03-02,Egypt,YT,342643,7,247790,112137,4405,110347.0,0.461
2026-03-02,Egypt,Twitter,190947,9,176643,78614,1834,86690.0,0.446
2026-03-02,Egypt,FB,264248,7,161377,86614,2513,68919.0,0.46
2026-03-09,Egypt,instagram,594510,9,404788,204964,12095,133894.0,0.158
2026-03-09,Egypt,Tik Tok,510795,4,440636,185713,13155,174304.0,0.136
2026-03-09,Egypt,YT,342727,5,181835,103192,3705,69875.0,0.08
2026-03-09,Egypt,Twitter,190309,4,112257,63121,1671,44188.0,0.103
2026-03-09,Egypt,Facebook,266082,11,177234,80703,2712,58968.0,0.138
2026-03-16,Egypt,IG,590607,5,468084,199209,11640,166856.0,0.107
2026-03-16,Egypt,TikTok,515333,4,330693,161448,12649,101650.0,0.112
2026-03-16,Egypt,YT,344804,8,162119,80540,3107,71746.0,0.111
2026-03-16,Egypt,Twitter,191681,8,123892,61294,1462,40105.0,0.156
2026-03-16,Egypt,Facebook,267192,5,208983,88863,2504,103675.0,0.158
2026-03-23,Egypt,IG,594157,9,359412,164239,10809,101133.0,0.404
2026-03-23,Egypt,TikTok,512112,7,211134,126058,10097,72066.0,0.414
2026-03-23,Egypt,YouTube,343520,9,206261,110861,4470,71202.0,0.432
2026-03-23,Egypt,X (Twitter),190990,8,135236,62323,1306,40901.0,0.371
2026-03-23,Egypt,Facebook,266864,4,173339,86236,2460,57212.0,0.483
2026-03-30,Egypt,IG,597566,4,292274,172648,6801,92187.0,0.449
2026-03-30,Egypt,Tik Tok,518523,8,211252,112012,7227,69950.0,0.438
2026-03-30,Egypt,YT,347162,6,185653,94971,3079,87555.0,0.486
2026-03-30,Egypt,X (Twitter),192721,11,95397,52669,886,36502.0,0.423
2026-03-30,Egypt,facebook,269439,7,101882,56130,1339,29945.0,0.383
2026-04-06,Egypt,Instagram,596434,6,213701,123686,4665,63387.0,0.369
2026-04-06,Egypt,TikTok,520618,9,262797,143417,10450,93568.0,0.415
2026-04-06,Egypt,youtube,347815,9,166694,98585,2626,52719.0,0.387
2026-04-06,Egypt,X (Twitter),193140,9,109512,58829,1015,45957.0,0.393
2026-04-06,Egypt,Facebook,269289,5,123110,68311,1880,38385.0,0.38
2026-04-13,Egypt,instagram,600451,8,220885,124630,6119,76655.0,0.399
2026-04-13,Egypt,TikTok,525342,4,320441,140874,8620,94614.0,0.406
2026-04-13,Egypt,YouTube,348662,5,208577,109945,2725,83167.0,0.403
2026-04-13,Egypt,X (Twitter),194964,6,101667,44460,735,37198.0,0.4
2026-04-13,Egypt,Facebook,270998,4,128283,63582,1345,58802.0,0.393
2026-04-20,Egypt,Instagram,603273,5,265234,146959,6102,120562.0,0.365
2026-04-20,Egypt,tiktok,522269,10,293969,122488,8662,108531.0,0.419
2026-04-20,Egypt,youtube,350228,11,132420,74368,2027,60788.0,0.407
2026-04-20,Egypt,Twitter,194188,8,73586,45087,785,22068.0,0.389
2026-04-20,Egypt,FB,271252,11,138803,65623,1643,40893.0,0.381
2026-04-27,Egypt,instagram,607119,10,343057,146237,6093,131663.0,0.43
2026-04-27,Egypt,Tik Tok,527761,9,369551,160008,11658,118172.0,0.409
2026-04-27,Egypt,YT,351808,6,140982,78464,2001,66178.0,0.442
2026-04-27,Egypt,X (Twitter),197336,9,83115,46401,643,40669.0,0.377
2026-04-27,Egypt,facebook,272954,6,146098,70520,1694,52563.0,0.385
2026-05-04,Egypt,IG,604829,7,215949,133051,5599,104620.0,0.406
2026-05-04,Egypt,tiktok,530454,5,318897,154987,8513,156842.0,0.373
2026-05-04,Egypt,YouTube,354586,10,159141,89894,2479,78203.0,0.452
2026-05-04,Egypt,Twitter,196591,9,107276,45963,687,36971.0,0.439
2026-05-04,Egypt,Facebook,273969,6,196107,82056,1820,88047.0,0.398
2026-05-11,Egypt,IG,611052,6,291891,150584,6096,114761.0,0.456
2026-05-11,Egypt,TikTok,526747,7,266764,130012,8592,75411.0,0.352
2026-05-11,Egypt,YouTube,356752,11,183825,87736,2727,87747.0,0.443
2026-05-11,Egypt,Twitter,195854,4,113463,58784,1044,51020.0,0.417
2026-05-11,Egypt,Facebook,277417,6,197738,83403,1839,60845.0,0.398
2026-05-18,Egypt,instagram,614247,6,359256,160363,6491,149505.0,0.406
2026-05-18,Egypt,tiktok,538019,8,282439,150292,9975,135994.0,0.485
2026-05-18,Egypt,YT,356381,6,207109,101728,3311,82288.0,0.485
2026-05-18,Egypt,X,196749,9,98110,52306,854,48758.0,0.429
2026-05-18,Egypt,facebook,276371,4,132367,68774,1344,49172.0,0.505
2026-05-25,Egypt,instagram,615224,7,293638,132768,6049,118544.0,0.458
2026-05-25,Egypt,tiktok,536315,6,224939,128241,9984,80465.0,0.412
2026-05-25,Egypt,youtube,355002,11,173063,93276,2383,70848.0,0.416
2026-05-25,Egypt,X (Twitter),198525,4,104796,45485,709,43263.0,0.389
2026-05-25,Egypt,FB,276552,6,169779,79090,1544,,0.394
2026-06-01,Egypt,Instagram,614409,10,307807,180483,7103,115993.0,0.417
2026-06-01,Egypt,Tik Tok,535594,9,199534,121522,8276,95278.0,0.363
2026-06-01,Egypt,youtube,358441,7,180214,83999,2548,71631.0,0.395
2026-06-01,Egypt,X,200497,5,110531,61394,1077,39287.0,0.47
2026-06-01,Egypt,Facebook,279552,10,152571,74357,1780,59650.0,0.4
2026-06-08,Egypt,Instagram,613804,11,379365,166576,5967,158015.0,0.399
2026-06-08,Egypt,tiktok,540117,6,333211,162785,8865,139674.0,0.39
2026-06-08,Egypt,YouTube,361121,10,217092,100721,2973,107677.0,0.406
2026-06-08,Egypt,X (Twitter),199145,4,98494,57905,1110,50972.0,0.427
2026-06-08,Egypt,FB,280452,4,173996,73614,1707,54562.0,0.389
2026-06-15,Egypt,IG,617713,11,434095,186305,7908,167916.0,0.442
2026-06-15,Egypt,Tik Tok,544783,11,290242,161834,11256,87585.0,0.414
2026-06-15,Egypt,YT,361899,5,222911,117505,2888,84429.0,0.415
2026-06-15,Egypt,X,199286,6,103246,61245,938,50626.0,0.463
2026-06-15,Egypt,FB,280771,6,144174,82438,1597,64781.0,0.444
2026-06-22,Egypt,Instagram,619865,11,306257,145785,6254,133569.0,0.388
2026-06-22,Egypt,TikTok,542564,10,258720,119360,9284,132281.0,0.44
2026-06-22,Egypt,youtube,359499,9,258339,111252,3100,100951.0,0.419
2026-06-22,Egypt,X (Twitter),201452,10,94123,51532,833,30256.0,0.41
2026-06-22,Egypt,facebook,280801,10,149311,76613,1582,77021.0,0.471
2026-06-29,Egypt,instagram,628899,7,441406,219466,8604,195000.0,0.434
2026-06-29,Egypt,tiktok,542769,11,342041,153678,10627,148927.0,0.45
2026-06-29,Egypt,YouTube,362527,11,144052,78022,2118,46766.0,0.445
2026-06-29,Egypt,Twitter,201594,7,145454,64844,1063,54154.0,0.427
2026-06-29,Egypt,facebook,282681,10,118948,64811,1228,58734.0,0.409
2026-07-06,Egypt,instagram,628035,4,425909,195957,8597,154206.0,0.468
2026-07-06,Egypt,TikTok,546753,10,286173,156159,11783,101285.0,0.333
2026-07-06,Egypt,youtube,364459,9,134066,80368,2598,55233.0,0.393
2026-07-06,Egypt,X (Twitter),201158,6,118830,67493,1219,58271.0,0.379
2026-07-06,Egypt,Facebook,283568,8,172382,82262,1692,67746.0,0.432
2026-07-13,Egypt,IG,629692,5,281729,150955,5592,96283.0,0.386
2026-07-13,Egypt,Tik Tok,543625,9,331478,177131,11309,155100.0,0.448
2026-07-13,Egypt,YT,364865,8,198522,89793,2475,59966.0,0.379
2026-07-13,Egypt,Twitter,202678,4,94095,55653,777,31030.0,0.372
2026-07-13,Egypt,Facebook,283568,8,140475,64256,1534,,0.444
2026-07-20,Egypt,IG,629177,11,319861,173654,7089,119988.0,0.372
2026-07-20,Egypt,tiktok,551044,11,282475,122690,7640,92728.0,0.446
2026-07-20,Egypt,YouTube,367592,11,201744,106432,2951,88145.0,0.397
2026-07-20,Egypt,X,203342,6,116015,51871,884,51041.0,0.451
2026-07-20,Egypt,FB,285672,10,147744,69865,1283,44544.0,0.424
2026-07-27,Egypt,IG,629609,6,326308,182371,7577,150102.0,0.447
2026-07-27,Egypt,tiktok,550556,10,241388,110509,7576,99620.0,0.425
2026-07-27,Egypt,YouTube,364419,7,209403,96118,2393,94836.0,0.415
2026-07-27,Egypt,X (Twitter),206100,10,105146,47800,665,35844.0,0.553
2026-07-27,Egypt,Facebook,285628,11,110550,52591,1185,50693.0,0.426
2026-06-15,KSA,IG,751382,8,674175,322630,12068,284518.0,0.363
2026-02-09,KSA,TikTok,616018,5,320142,196620,14474,152072.0,0.493
2025-09-29,UAE,Tik Tok,344361,6,344005,183352,13558,125847.0,0.429
2025-12-22,UAE,YT,241618,4,355262,187561,5349,144599.0,0.422
2025-12-22,KSA,instagram,689889,9,604689,373769,13284,185805.0,0.478
2025-12-15,Egypt,tiktok,488854,9,224491,134106,8813,,0.35
2025-12-22,Egypt,instagram,570296,4,371544,168981,7347,156889.0,0.396
2026-06-29,Egypt,YouTube,362527,11,144052,78022,2118,46766.0,0.445
2025-09-22,KSA,YouTube,378407,7,443099,205822,6092,184396.0,0.392
2026-06-01,UAE,IG,454882,8,265054,164957,5977,114797.0,0.456
2026-06-08,UAE,instagram,454764,5,478835,220396,9437,198252.0,0.414
2025-10-20,KSA,YT,389248,4,303886,179892,4721,94313.0,0.39
2026-04-13,KSA,Twitter,235951,6,189109,83433,1401,85751.0,0.378
2025-08-25,UAE,YouTube,225761,7,173315,98385,2911,59540.0,0.376
2025-09-22,UAE,instagram,394020,4,453996,199590,7409,187548.0,0.445
2026-07-20,KSA,X,245553,9,146783,89692,1715,55730.0,0.434
