date,market,channel_group,sessions,users,bounce_rate,avg_session_sec,product_views,add_to_cart,transactions,revenue_usd
2025-08-04,UAE,Paid Search,106139,84581,50.8%,196,263372,6550,343,241738.3
2025-08-04,UAE,Paid Social,187733,144686,49.1%,65,414283,17111,1110,785200.44
2025-08-04,UAE,Video,41132,30648,63.0%,157,88261,2238,271,182673.43
2025-08-04,UAE,Display,11648,9656,52.5%,207,26264,858,53,36625.11
2025-08-04,UAE,Influencer,3975,3341,43.4%,206,8976,213,35,25466.58
2025-08-04,UAE,Organic Search,24785,18663,37.8%,125,48975,2318,226,145449.44
2025-08-04,UAE,Direct,19405,14172,32.9%,175,38929,1462,178,118258.06
2025-08-11,UAE,Paid Search,119499,98968,48.1%,163,226902,13047,788,535535.27
2025-08-11,UAE,Paid Social,236602,196914,48.5%,206,454426,12246,1356,925693.99
2025-08-11,UAE,Video,42280,32953,53.5%,140,77174,2337,230,160473.17
2025-08-11,UAE,Display,13196,10095,56.3%,178,20738,754,78,55880.37
2025-08-11,UAE,Influencer,1188,880,39.3%,208,2001,111,14,9959.2
2025-08-11,UAE,Organic Search,24923,18927,39.5%,93,50306,2935,228,154369.26
2025-08-11,UAE,Direct,20014,15971,36.0%,75,30459,2226,252,177297.42
2025-08-18,UAE,Paid Search,131675,102607,55.2%,148,231983,11801,653,437502.49
2025-08-18,UAE,Paid Social,212713,164911,50.1%,74,328110,17758,926,644209.47
2025-08-18,UAE,Video,39269,33535,59.5%,60,98357,2368,214,145804.34
2025-08-18,UAE,Display,10973,8552,57.0%,64,17773,611,39,27541.8
2025-08-18,UAE,Influencer,1736,1290,33.4%,168,3487,148,19,13966.54
2025-08-18,UAE,Organic Search,23003,17194,41.5%,94,55961,1837,206,146635.36
2025-08-18,UAE,Direct,19689,15990,37.3%,182,36399,1527,261,181644.18
2025-08-25,UAE,Paid Search,94135,69958,56.9%,96,176846,10885,463,317720.8
2025-08-25,UAE,Paid Social,218757,169379,60.9%,90,336178,11003,1583,1060027.77
2025-08-25,UAE,Video,45812,38934,59.1%,139,103310,2960,231,148195.06
2025-08-25,UAE,Display,12523,9067,56.1%,115,22270,996,76,53242.32
2025-08-25,UAE,Influencer,1334,1051,42.5%,128,2453,82,18,12416.29
2025-08-25,UAE,Organic Search,23056,18809,35.6%,174,45920,1743,334,227060.71
2025-08-25,UAE,Direct,19608,14415,35.3%,140,50133,2053,215,144987.66
2025-09-01,UAE,Paid Search,126168,95224,55.9%,87,181515,9898,459,306376.46
2025-09-01,UAE,Paid Social,249056,191184,56.0%,161,429744,17826,1724,1174147.22
2025-09-01,UAE,Video,39390,28873,52.5%,65,93560,3931,281,193797.04
2025-09-01,UAE,Display,8838,6893,61.0%,103,15015,816,32,23802.02
2025-09-01,UAE,Influencer,2870,2282,37.4%,97,4198,262,29,20054.24
2025-09-01,UAE,Organic Search,25204,20235,43.2%,65,45928,2227,308,201102.25
2025-09-01,UAE,Direct,21801,17972,33.9%,143,48812,1926,317,225364.06
2025-09-08,UAE,Paid Search,121492,98873,53.5%,93,205402,12629,574,375875.31
2025-09-08,UAE,Paid Social,206501,160868,53.3%,83,298273,18054,680,492138.76
2025-09-08,UAE,Video,41186,33389,57.9%,132,97446,4035,222,140557.56
2025-09-08,UAE,Display,11184,8979,59.5%,203,26314,1151,35,24178.09
2025-09-08,UAE,Influencer,2746,2135,41.2%,61,5516,229,38,28682.25
2025-09-08,UAE,Organic Search,24936,20191,43.7%,130,49061,2091,276,187630.42
2025-09-08,UAE,Direct,19632,16270,39.6%,169,43606,1140,231,162705.9
2025-09-15,UAE,Paid Search,131218,109811,59.5%,73,289032,7852,593,448537.76
2025-09-15,UAE,Paid Social,284671,220013,58.7%,158,565489,19126,1860,1313469.43
2025-09-15,UAE,Video,36834,29621,48.4%,123,75568,4196,117,80450.87
2025-09-15,UAE,Display,12867,10349,58.6%,157,25397,1145,83,59888.15
2025-09-15,UAE,Influencer,1911,1403,37.0%,153,4665,97,27,19621.21
2025-09-15,UAE,Organic Search,24687,20204,38.5%,126,50142,1829,273,184128.82
2025-09-15,UAE,Direct,18599,13912,41.1%,125,27484,1958,288,215787.4
2025-09-22,UAE,Paid Search,117362,93239,50.0%,204,226953,7404,603,417522.62
2025-09-22,UAE,Paid Social,232519,169935,62.4%,117,584937,25770,1604,1104288.76
2025-09-22,UAE,Video,45970,33129,62.5%,129,79742,4797,309,214979.58
2025-09-22,UAE,Display,10536,7894,51.6%,149,24251,1112,46,33295.3
2025-09-22,UAE,Influencer,1093,791,31.6%,126,2096,76,15,10085.53
2025-09-22,UAE,Organic Search,25129,21412,35.7%,119,44339,2300,293,191393.45
2025-09-22,UAE,Direct,20791,17091,36.2%,74,48083,2305,219,142387.7
2025-09-29,UAE,Paid Search,106203,88498,61.3%,138,256491,12358,501,340661.4
2025-09-29,UAE,Paid Social,213761,178503,51.2%,90,300388,21744,889,598039.54
2025-09-29,UAE,Video,48925,38827,52.5%,88,124119,3685,278,183441.02
2025-09-29,UAE,Display,10954,9272,57.0%,73,26904,630,66,44897.31
2025-09-29,UAE,Influencer,1369,1072,43.2%,180,3221,114,12,8967.1
2025-09-29,UAE,Organic Search,21252,16180,33.4%,176,48950,2142,314,217051.2
2025-09-29,UAE,Direct,21943,16357,33.5%,69,32164,1528,193,143850.83
2025-10-06,UAE,Paid Search,109462,81783,61.3%,122,158394,7398,804,572723.43
2025-10-06,UAE,Paid Social,221788,169355,49.5%,111,506470,21236,823,585320.79
2025-10-06,UAE,Video,39715,32398,49.6%,103,81411,4192,212,141618.47
2025-10-06,UAE,Display,11578,8538,57.5%,184,21653,691,53,38658.44
2025-10-06,UAE,Influencer,969,709,39.4%,207,2479,53,15,10917.72
2025-10-06,UAE,Organic Search,24649,18649,42.2%,125,48131,2637,337,228193.96
2025-10-06,UAE,Direct,22833,18230,33.3%,84,50200,2252,332,229490.03
2025-10-13,UAE,Paid Search,115065,87543,48.6%,67,174047,11284,722,514567.19
2025-10-13,UAE,Paid Social,219783,187170,57.6%,201,523273,26265,811,526188.69
2025-10-13,UAE,Video,51357,42006,56.5%,156,129170,2738,322,220336.7
2025-10-13,UAE,Display,11868,9522,48.3%,156,22626,1284,64,44259.54
2025-10-13,UAE,Influencer,1863,1505,38.3%,189,3802,143,28,19384.75
2025-10-13,UAE,Organic Search,24141,19676,34.1%,103,53012,1590,252,179430.86
2025-10-13,UAE,Direct,21534,16609,35.3%,195,54058,1682,342,251538.84
2025-10-20,UAE,Paid Search,109842,91759,48.9%,168,246873,8843,456,313783.41
2025-10-20,UAE,Paid Social,228137,192409,59.9%,140,486624,21355,1627,1114425.81
2025-10-20,UAE,Video,40976,32313,61.0%,158,103230,3275,221,149228.19
2025-10-20,UAE,Display,11771,9737,53.9%,155,29170,1268,46,34341.02
2025-10-20,UAE,Influencer,395,334,40.7%,66,914,39,5,4054.97
2025-10-20,UAE,Organic Search,23533,17494,40.9%,172,49531,2375,306,226874.12
2025-10-20,UAE,Direct,20047,15529,31.3%,152,41557,2162,301,198783.4
2025-10-27,UAE,Paid Search,129394,110077,56.2%,78,211299,7764,878,612902.57
2025-10-27,UAE,Paid Social,259340,216096,52.5%,78,551024,25628,1789,1194631.49
2025-10-27,UAE,Video,50594,40983,58.8%,163,121363,2661,229,161968.17
2025-10-27,UAE,Display,12166,9769,49.1%,93,25324,982,55,38733.8
2025-10-27,UAE,Influencer,2315,1799,33.7%,188,5197,131,29,20190.63
2025-10-27,UAE,Organic Search,26610,21399,32.5%,161,42331,2376,256,186295.56
2025-10-27,UAE,Direct,19388,16272,32.3%,105,32233,2172,237,168215.22
2025-11-03,UAE,Paid Search,108480,91501,48.7%,62,223921,8467,805,533096.55
2025-11-03,UAE,Paid Social,256121,195638,56.2%,87,378688,15770,1878,1278104.51
2025-11-03,UAE,Video,42103,35636,58.8%,92,85298,2430,278,189588.28
2025-11-03,UAE,Display,10270,8353,48.2%,114,19796,530,48,32241.42
2025-11-03,UAE,Influencer,1736,1301,40.2%,61,4175,117,27,18461.87
2025-11-03,UAE,Organic Search,24833,20668,38.6%,164,48807,1756,294,222608.44
2025-11-03,UAE,Direct,23480,17461,33.9%,68,55459,1176,243,165850.36
2025-11-10,UAE,Paid Search,133173,110640,48.8%,134,229428,10875,449,312680.87
2025-11-10,UAE,Paid Social,264383,218456,51.0%,92,512874,13936,1355,933829.32
2025-11-10,UAE,Video,45246,34429,56.7%,165,95579,3366,282,204024.92
2025-11-10,UAE,Display,12200,10338,60.8%,85,25542,1340,50,35234.96
2025-11-10,UAE,Influencer,1854,1394,42.4%,179,3003,161,17,12689.37
2025-11-10,UAE,Organic Search,25035,19622,42.9%,81,61245,1901,312,216082.92
2025-11-10,UAE,Direct,20536,15291,33.5%,129,49802,1046,211,146739.81
2025-11-17,UAE,Paid Search,231429,166671,56.3%,123,391815,13742,784,525702.7
2025-11-17,UAE,Paid Social,453991,354444,52.9%,164,1179607,46696,1846,1231164.32
2025-11-17,UAE,Video,88744,69707,48.1%,172,184446,7506,634,457677.61
2025-11-17,UAE,Display,22948,17512,60.9%,165,42377,1298,156,102499.46
2025-11-17,UAE,Influencer,1599,1305,38.2%,154,2300,111,24,16757.75
2025-11-17,UAE,Organic Search,25228,19985,43.9%,81,41445,2485,336,217234.6
2025-11-17,UAE,Direct,20519,14807,35.8%,148,50067,1384,214,147749.72
2025-11-24,UAE,Paid Search,242167,202926,57.4%,140,345120,28596,1260,787853.76
2025-11-24,UAE,Paid Social,596826,458801,59.1%,181,1160743,70154,3045,2316199.23
2025-11-24,UAE,Video,107417,88150,59.2%,148,154041,11785,510,336231.54
2025-11-24,UAE,Display,22839,16773,52.1%,159,48788,2010,108,66133.51
2025-11-24,UAE,Influencer,1274,1075,36.6%,204,2234,80,13,8558.45
2025-11-24,UAE,Organic Search,21387,16188,39.6%,202,31271,2489,321,233963.03
2025-11-24,UAE,Direct,20798,15519,40.6%,203,40514,1626,326,232118.92
2025-12-01,UAE,Paid Search,248183,184017,54.7%,61,485819,13104,822,603066.07
2025-12-01,UAE,Paid Social,379165,287086,51.0%,140,723783,34937,1859,1199352.06
2025-12-01,UAE,Video,73740,62662,51.5%,189,139193,8321,293,215498.85
2025-12-01,UAE,Display,21212,16828,57.3%,61,37455,1666,123,88357.96
2025-12-01,UAE,Influencer,1518,1199,41.5%,160,3527,81,17,11708.73
2025-12-01,UAE,Organic Search,25378,21483,31.6%,154,59320,1366,241,175038.29
2025-12-01,UAE,Direct,20607,15369,36.2%,116,48731,1758,293,204447.97
2025-12-08,UAE,Paid Search,120726,95560,61.1%,96,250813,13339,559,391267.82
2025-12-08,UAE,Paid Social,257974,205481,55.6%,108,395298,15506,1215,865159.83
2025-12-08,UAE,Video,41431,30515,51.7%,125,82644,3382,175,117939.59
2025-12-08,UAE,Display,10879,8783,55.6%,110,26829,991,49,31567.96
2025-12-08,UAE,Influencer,1011,735,31.6%,107,1642,80,15,10156.69
2025-12-08,UAE,Organic Search,26767,22342,43.1%,104,55105,2323,359,260392.88
2025-12-08,UAE,Direct,19744,15397,38.0%,139,48804,2306,169,118735.76
2025-12-15,UAE,Paid Search,163809,140561,50.1%,141,350206,8784,603,409898.68
2025-12-15,UAE,Paid Social,400078,296401,55.7%,68,823842,43257,2087,1450153.39
2025-12-15,UAE,Video,67526,57225,58.2%,195,156484,4220,244,176731.21
2025-12-15,UAE,Display,14827,12202,57.9%,99,24647,1226,104,71575.01
2025-12-15,UAE,Influencer,989,820,33.8%,148,1698,96,14,10009.46
2025-12-15,UAE,Organic Search,24078,20314,42.3%,208,39666,1872,290,204294.75
2025-12-15,UAE,Direct,20343,16416,42.2%,156,41540,1338,279,197910.9
2025-12-22,UAE,Paid Search,204019,165344,60.6%,202,319364,18010,1027,733188.03
2025-12-22,UAE,Paid Social,336033,265472,49.2%,138,598448,23950,2206,1644062.58
2025-12-22,UAE,Video,69017,56814,62.5%,158,114853,3778,339,227260.34
2025-12-22,UAE,Display,17259,13178,60.3%,168,41716,907,96,67569.79
2025-12-22,UAE,Influencer,1552,1200,32.4%,148,2255,84,17,11362.29
2025-12-22,UAE,Organic Search,26823,22652,40.6%,59,60467,1959,351,238908.78
2025-12-22,UAE,Direct,23232,17054,33.6%,191,34905,2493,276,200175.13
2025-12-29,UAE,Paid Search,170213,141287,54.0%,142,246109,9292,1026,698995.98
2025-12-29,UAE,Paid Social,355539,269494,53.7%,172,722399,40180,2253,1594788.56
2025-12-29,UAE,Video,64734,55230,53.4%,139,123055,3909,475,335844.23
2025-12-29,UAE,Display,16221,13587,58.3%,159,35070,1805,53,35512.5
2025-12-29,UAE,Influencer,2432,1861,32.4%,136,5432,166,27,17554.24
2025-12-29,UAE,Organic Search,28112,21764,34.2%,205,53520,2587,344,238154.17
2025-12-29,UAE,Direct,21279,18212,32.5%,82,36355,1700,262,184102.87
2026-01-05,UAE,Paid Search,105208,89863,57.4%,111,190467,5847,662,464773.54
2026-01-05,UAE,Paid Social,216731,180342,49.5%,102,503285,15942,1082,793286.74
2026-01-05,UAE,Video,42027,32548,54.9%,183,93048,2707,271,199047.0
2026-01-05,UAE,Display,13484,9898,53.3%,169,34413,1486,70,46641.88
2026-01-05,UAE,Influencer,1107,803,35.7%,185,2555,62,17,12225.16
2026-01-05,UAE,Organic Search,25463,18476,31.9%,185,42773,2733,304,202421.53
2026-01-05,UAE,Direct,19587,15978,38.3%,158,33432,1401,218,152992.57
2026-01-12,UAE,Paid Search,110899,92539,57.2%,136,235024,8761,465,314491.65
2026-01-12,UAE,Paid Social,247152,180022,52.3%,200,567070,29280,1794,1283590.66
2026-01-12,UAE,Video,41208,33452,48.2%,68,79992,2896,294,202134.2
2026-01-12,UAE,Display,12045,9218,48.7%,160,30291,1305,87,60923.15
2026-01-12,UAE,Influencer,1227,989,39.1%,186,3185,87,14,10084.82
2026-01-12,UAE,Organic Search,27040,20357,36.7%,103,42188,1452,243,154702.52
2026-01-12,UAE,Direct,20684,17389,42.1%,170,35660,2451,250,172398.07
2026-01-19,UAE,Paid Search,67603,54160,60.8%,174,145339,3828,292,197509.59
2026-01-19,UAE,Paid Social,144147,116971,53.1%,124,312153,10618,478,316762.24
2026-01-19,UAE,Video,29028,22912,58.6%,63,43925,3384,96,67968.07
2026-01-19,UAE,Display,6203,5247,54.1%,71,14449,311,38,27167.26
2026-01-19,UAE,Influencer,4978,3672,35.8%,190,10364,468,65,42216.53
2026-01-19,UAE,Organic Search,21649,15954,43.4%,87,37205,1159,342,262118.99
2026-01-19,UAE,Direct,20931,17655,34.7%,179,41910,1807,286,191088.17
2026-01-26,UAE,Paid Search,69705,56215,59.4%,154,115617,4572,383,252654.32
2026-01-26,UAE,Paid Social,150862,124846,62.2%,78,324807,17683,573,393414.01
2026-01-26,UAE,Video,24298,20141,49.7%,75,46328,2530,154,106373.1
2026-01-26,UAE,Display,7093,5520,52.8%,137,10831,848,48,34421.21
2026-01-26,UAE,Influencer,5143,4199,32.6%,111,12285,441,45,31494.05
2026-01-26,UAE,Organic Search,27724,21511,42.8%,98,60672,2197,295,197385.21
2026-01-26,UAE,Direct,21379,16358,36.4%,60,55495,1301,334,235053.68
2026-02-02,UAE,Paid Search,71042,51720,58.5%,171,144053,3897,214,148203.94
2026-02-02,UAE,Paid Social,142071,118479,59.8%,69,316931,10488,939,631943.02
2026-02-02,UAE,Video,28186,23618,62.1%,191,44368,2137,145,96471.6
2026-02-02,UAE,Display,7204,5219,54.7%,62,10135,497,51,36428.73
2026-02-02,UAE,Influencer,6804,5225,41.6%,168,16919,343,70,48970.19
2026-02-02,UAE,Organic Search,22797,19361,35.1%,158,51522,1896,310,227108.28
2026-02-02,UAE,Direct,21501,16044,40.2%,194,33859,2393,210,146178.44
2026-02-09,UAE,Paid Search,78823,60510,61.8%,186,178878,4464,241,158495.26
2026-02-09,UAE,Paid Social,136743,112414,50.0%,142,249965,13338,467,306987.43
2026-02-09,UAE,Video,25805,21716,53.0%,114,45878,2972,158,108125.87
2026-02-09,UAE,Display,5958,4655,59.8%,157,10251,304,37,24441.44
2026-02-09,UAE,Influencer,4567,3373,36.3%,151,6692,268,64,43145.08
2026-02-09,UAE,Organic Search,28865,21359,40.7%,127,56443,3182,431,289580.49
2026-02-09,UAE,Direct,19913,14652,34.8%,181,28463,2324,314,211575.89
2026-02-16,UAE,Paid Search,69933,52014,61.5%,74,166449,4705,514,390327.87
2026-02-16,UAE,Paid Social,145056,112336,57.9%,103,250135,8762,990,676801.15
2026-02-16,UAE,Video,25364,20443,54.4%,75,65892,1987,182,117461.47
2026-02-16,UAE,Display,6518,4815,62.6%,107,15278,644,35,24256.45
2026-02-16,UAE,Influencer,6122,4693,41.1%,68,8870,352,81,54865.17
2026-02-16,UAE,Organic Search,25679,20299,41.1%,207,57156,1359,328,229698.38
2026-02-16,UAE,Direct,20213,16612,31.9%,116,48346,2279,303,218787.28
2026-02-23,UAE,Paid Search,96217,74934,52.7%,205,221256,10967,640,420029.22
2026-02-23,UAE,Paid Social,215270,184043,59.9%,68,529359,19543,1382,904841.76
2026-02-23,UAE,Video,33318,24609,62.7%,108,63502,3289,108,73914.64
2026-02-23,UAE,Display,8446,6547,52.3%,122,20231,633,61,43008.5
2026-02-23,UAE,Influencer,6440,5460,32.0%,123,10241,725,68,45708.5
2026-02-23,UAE,Organic Search,24319,19409,33.3%,204,62454,1627,338,205194.15
2026-02-23,UAE,Direct,20177,15031,43.1%,112,49862,1385,242,164221.45
2026-03-02,UAE,Paid Search,195804,148395,53.8%,70,412812,15715,1120,763394.53
2026-03-02,UAE,Paid Social,364820,312626,50.9%,63,743997,18895,2359,1584935.74
2026-03-02,UAE,Video,56184,43150,57.1%,161,139353,4261,296,201848.91
2026-03-02,UAE,Display,20241,16455,49.8%,147,33587,2081,143,93517.35
2026-03-02,UAE,Influencer,2936,2351,40.6%,139,4583,185,44,32352.16
2026-03-02,UAE,Organic Search,25628,21067,33.1%,142,61370,1633,338,240748.64
2026-03-02,UAE,Direct,20579,17113,39.5%,200,34962,1294,238,164006.26
2026-03-09,UAE,Paid Search,169824,136018,48.0%,151,437163,14870,1159,761990.78
2026-03-09,UAE,Paid Social,294733,239464,49.9%,61,497927,14887,1944,1345538.75
2026-03-09,UAE,Video,63192,47947,59.1%,83,120750,5397,441,313769.71
2026-03-09,UAE,Display,15492,11724,52.1%,62,35134,1159,113,76734.19
2026-03-09,UAE,Influencer,3347,2657,32.5%,111,5659,309,50,37802.77
2026-03-09,UAE,Organic Search,25496,21003,43.4%,132,48977,1457,373,264227.61
2026-03-09,UAE,Direct,20277,16261,34.0%,72,28836,2288,184,123282.51
2026-03-16,UAE,Paid Search,154680,123930,59.0%,202,379162,9452,604,403311.65
2026-03-16,UAE,Paid Social,285472,235435,50.4%,183,544870,19093,1650,1135542.02
2026-03-16,UAE,Video,52592,42900,54.1%,191,127165,3381,200,129543.65
2026-03-16,UAE,Display,14761,11075,55.2%,114,35583,1026,89,63672.02
2026-03-16,UAE,Influencer,2015,1675,31.6%,161,4619,204,30,21012.16
2026-03-16,UAE,Organic Search,24457,19207,40.5%,89,52096,1287,313,216147.68
2026-03-16,UAE,Direct,20453,16715,33.3%,91,40653,1099,197,131704.83
2026-03-23,UAE,Paid Search,143526,106537,58.2%,203,300105,11385,834,535144.66
2026-03-23,UAE,Paid Social,282103,236680,54.7%,103,690717,26165,1205,871676.14
2026-03-23,UAE,Video,53105,38647,51.7%,145,80377,2756,241,153347.92
2026-03-23,UAE,Display,16131,13362,53.2%,172,32216,1750,76,54162.46
2026-03-23,UAE,Influencer,3721,3148,39.3%,190,5971,402,42,27856.5
2026-03-23,UAE,Organic Search,24202,18472,32.3%,133,37304,2235,235,162939.94
2026-03-23,UAE,Direct,21079,15974,40.8%,90,33579,1374,261,178786.56
2026-03-30,UAE,Paid Search,119743,100514,54.6%,65,304032,13015,585,362102.95
2026-03-30,UAE,Paid Social,192444,159499,60.2%,191,292699,15508,810,583304.88
2026-03-30,UAE,Video,40460,33699,54.9%,80,88131,3280,297,195464.9
2026-03-30,UAE,Display,10223,8492,55.8%,143,22179,639,40,27222.38
2026-03-30,UAE,Influencer,359,293,41.6%,77,854,22,5,4232.8
2026-03-30,UAE,Organic Search,28206,22555,31.2%,181,50526,2952,443,315063.27
2026-03-30,UAE,Direct,20932,17767,39.6%,65,38691,1546,277,190491.44
2026-04-06,UAE,Paid Search,98318,80605,57.1%,152,206513,8856,399,255354.42
2026-04-06,UAE,Paid Social,203106,166300,55.2%,169,521543,20705,1209,873724.98
2026-04-06,UAE,Video,36834,28979,56.9%,75,69760,2157,191,132057.81
2026-04-06,UAE,Display,9831,7981,61.0%,149,20135,886,37,25913.23
2026-04-06,UAE,Influencer,1115,812,35.5%,89,2832,124,10,7043.19
2026-04-06,UAE,Organic Search,26963,20239,40.9%,136,44352,2368,249,181495.99
2026-04-06,UAE,Direct,21079,17356,34.0%,199,38626,1897,264,180637.85
2026-04-13,UAE,Paid Search,98698,82786,60.1%,137,170085,10742,566,364393.45
2026-04-13,UAE,Paid Social,201980,165370,53.1%,84,494709,15110,1337,986171.23
2026-04-13,UAE,Video,32294,27505,57.9%,103,51871,3010,106,70407.22
2026-04-13,UAE,Display,10714,7871,56.5%,115,16807,540,43,30808.6
2026-04-13,UAE,Influencer,2574,1865,33.6%,129,4200,131,26,19888.73
2026-04-13,UAE,Organic Search,25294,20892,36.6%,104,36490,1295,310,215591.69
2026-04-13,UAE,Direct,19634,16295,33.1%,96,37137,1380,238,174407.87
2026-04-20,UAE,Paid Search,93664,80003,51.5%,183,135750,7427,708,507490.15
2026-04-20,UAE,Paid Social,201300,167228,52.7%,168,297739,13053,838,629903.9
2026-04-20,UAE,Video,35366,26171,61.4%,198,81255,3997,245,171577.73
2026-04-20,UAE,Display,8630,6526,58.9%,69,14136,788,61,41404.06
2026-04-20,UAE,Influencer,1265,991,43.3%,146,2935,104,18,12282.0
2026-04-20,UAE,Organic Search,26614,20539,42.7%,187,58101,2142,375,252986.27
2026-04-20,UAE,Direct,21511,18411,39.7%,124,48290,1830,234,154872.19
2026-04-27,UAE,Paid Search,92566,70629,52.1%,141,235815,5080,358,244777.31
2026-04-27,UAE,Paid Social,184951,140062,60.2%,59,409493,20533,1198,821575.04
2026-04-27,UAE,Video,38708,29793,56.5%,106,79055,3218,232,159874.56
2026-04-27,UAE,Display,10400,7527,50.0%,164,24286,885,72,51673.65
2026-04-27,UAE,Influencer,1345,1093,38.0%,185,3260,160,16,11273.35
2026-04-27,UAE,Organic Search,25702,19173,34.9%,187,55183,1751,372,262939.04
2026-04-27,UAE,Direct,21404,18331,34.4%,162,54919,2260,297,209640.23
2026-05-04,UAE,Paid Search,85440,72169,53.0%,139,132722,4735,470,326885.62
2026-05-04,UAE,Paid Social,208624,162950,62.6%,93,414102,15914,769,554684.57
2026-05-04,UAE,Video,37302,31730,56.4%,173,67629,3357,193,131969.66
2026-05-04,UAE,Display,9572,7819,49.1%,108,18840,587,46,30697.71
2026-05-04,UAE,Influencer,2064,1612,43.6%,169,4287,182,33,22982.53
2026-05-04,UAE,Organic Search,26715,22112,41.2%,158,53190,2217,357,253956.02
2026-05-04,UAE,Direct,21637,17558,38.2%,89,30616,1755,207,130444.79
2026-05-11,UAE,Paid Search,79890,58667,61.0%,146,120096,4562,472,316261.42
2026-05-11,UAE,Paid Social,176265,133305,54.1%,156,453405,17821,1076,714989.48
2026-05-11,UAE,Video,35871,28174,60.4%,124,79484,3412,117,80242.69
2026-05-11,UAE,Display,9372,6969,54.2%,140,22434,1066,55,36671.8
2026-05-11,UAE,Influencer,1090,868,31.9%,60,2111,57,10,7252.44
2026-05-11,UAE,Organic Search,24323,18385,35.2%,116,37216,1342,358,240323.41
2026-05-11,UAE,Direct,19782,16069,42.1%,109,31787,1993,274,195541.24
2026-05-18,UAE,Paid Search,72830,61750,59.3%,97,114498,7829,432,311694.82
2026-05-18,UAE,Paid Social,181130,147774,56.0%,143,459987,15710,799,549927.0
2026-05-18,UAE,Video,39456,33852,48.4%,168,63352,3584,175,122897.36
2026-05-18,UAE,Display,9108,6911,53.4%,102,19124,898,60,43074.65
2026-05-18,UAE,Influencer,1393,1133,31.4%,116,2863,163,16,11246.86
2026-05-18,UAE,Organic Search,24866,19532,37.8%,202,57805,1880,217,157228.99
2026-05-18,UAE,Direct,20114,15562,39.8%,165,47039,1234,249,156820.27
2026-05-25,UAE,Paid Search,93872,77731,58.3%,145,242039,10650,413,296441.83
2026-05-25,UAE,Paid Social,200270,145817,52.4%,148,509459,14347,1434,1022462.5
2026-05-25,UAE,Video,36796,29319,61.0%,93,79344,3889,199,141071.03
2026-05-25,UAE,Display,9055,6695,53.2%,161,14868,525,60,42273.06
2026-05-25,UAE,Influencer,723,563,36.0%,85,1017,48,10,7310.73
2026-05-25,UAE,Organic Search,25139,18794,38.2%,146,40491,2894,323,220648.85
2026-05-25,UAE,Direct,21305,17241,33.3%,192,51586,1312,322,223391.46
2026-06-01,UAE,Paid Search,76968,64795,59.6%,135,146287,8420,372,261724.32
2026-06-01,UAE,Paid Social,183644,138445,57.4%,200,420317,21986,992,711317.45
2026-06-01,UAE,Video,38387,29542,56.7%,72,56298,2594,178,132061.85
2026-06-01,UAE,Display,10878,8633,59.4%,171,20013,811,34,24152.85
2026-06-01,UAE,Influencer,1151,929,31.6%,133,2762,98,12,8809.69
2026-06-01,UAE,Organic Search,24902,18467,43.5%,129,50237,1355,389,267681.72
2026-06-01,UAE,Direct,22803,16576,40.3%,150,42647,2622,333,238073.37
2026-06-08,UAE,Paid Search,75703,57949,49.5%,161,188244,6493,303,231054.86
2026-06-08,UAE,Paid Social,173220,147688,49.1%,108,334325,19999,1181,788213.33
2026-06-08,UAE,Video,45485,36191,57.5%,203,107625,5363,215,146200.68
2026-06-08,UAE,Display,9236,6771,50.9%,188,17474,967,43,30247.78
2026-06-08,UAE,Influencer,1604,1203,34.0%,203,3572,186,24,17264.76
2026-06-08,UAE,Organic Search,24651,17806,37.8%,122,50306,2798,221,142666.4
2026-06-08,UAE,Direct,20227,17008,42.9%,137,46150,1874,197,141871.11
2026-06-15,UAE,Paid Search,71304,51915,62.6%,156,153568,5720,284,197444.42
2026-06-15,UAE,Paid Social,185518,135737,49.4%,145,271495,15051,617,418707.23
2026-06-15,UAE,Video,40198,31060,49.6%,208,89888,3526,254,175004.97
2026-06-15,UAE,Display,9595,7455,51.7%,86,23131,1047,47,34248.42
2026-06-15,UAE,Influencer,3986,2908,37.0%,129,9119,456,50,35339.17
2026-06-15,UAE,Organic Search,27026,20715,39.7%,134,46078,1646,323,226769.54
2026-06-15,UAE,Direct,19418,14408,34.5%,104,34988,1361,289,195636.44
2026-06-22,UAE,Paid Search,84492,65621,51.8%,155,187395,6881,585,415333.63
2026-06-22,UAE,Paid Social,192465,148229,56.4%,181,444204,11729,1303,887048.09
2026-06-22,UAE,Video,39881,31853,49.3%,126,64187,3088,251,165447.09
2026-06-22,UAE,Display,10685,7849,56.1%,163,22441,874,48,34155.15
2026-06-22,UAE,Influencer,1307,999,36.1%,84,2589,113,19,13563.2
2026-06-22,UAE,Organic Search,25431,20485,40.1%,157,45351,2727,258,182489.27
2026-06-22,UAE,Direct,18930,14406,35.9%,138,31847,1604,190,122392.64
2026-06-29,UAE,Paid Search,68900,56951,55.6%,72,171539,3528,427,296193.91
2026-06-29,UAE,Paid Social,169688,134225,49.4%,65,265875,17327,992,701767.65
2026-06-29,UAE,Video,40048,31941,62.1%,106,69106,3241,167,105091.65
2026-06-29,UAE,Display,11661,8886,54.8%,207,26946,1036,46,30697.99
2026-06-29,UAE,Influencer,1084,795,38.4%,97,1843,119,10,7143.87
2026-06-29,UAE,Organic Search,24846,18034,35.1%,136,63247,2550,273,181723.07
2026-06-29,UAE,Direct,19901,14338,33.9%,113,50278,1258,292,208261.82
2026-07-06,UAE,Paid Search,76269,55900,60.6%,148,161053,4588,350,244812.54
2026-07-06,UAE,Paid Social,183033,146967,57.8%,98,362230,12960,931,652826.08
2026-07-06,UAE,Video,37425,31944,57.1%,62,75722,2940,109,71605.07
2026-07-06,UAE,Display,11323,8969,48.0%,69,20832,863,39,27936.31
2026-07-06,UAE,Influencer,1737,1346,32.1%,193,4461,153,22,15889.29
2026-07-06,UAE,Organic Search,25729,20439,35.4%,65,40010,2609,339,227256.3
2026-07-06,UAE,Direct,19411,16095,41.6%,192,39749,1651,246,172571.9
2026-07-13,UAE,Paid Search,88613,73505,54.1%,143,174590,6729,423,300037.29
2026-07-13,UAE,Paid Social,171813,137055,54.1%,63,297607,15319,946,662750.15
2026-07-13,UAE,Video,44995,38101,62.1%,195,103798,4264,323,205517.01
2026-07-13,UAE,Display,12093,10355,51.2%,164,22176,1131,81,59228.55
2026-07-13,UAE,Influencer,2532,2072,38.0%,65,4606,296,38,27629.08
2026-07-13,UAE,Organic Search,24309,17884,31.8%,144,36462,1639,250,169501.55
2026-07-13,UAE,Direct,19882,14629,38.6%,133,31899,1170,182,116739.47
2026-07-20,UAE,Paid Search,67263,55600,58.4%,189,154230,4982,237,169304.55
2026-07-20,UAE,Paid Social,192086,143261,58.9%,73,447228,20522,1288,925005.28
2026-07-20,UAE,Video,34908,25600,54.6%,69,74343,4143,156,102217.93
2026-07-20,UAE,Display,12555,9786,59.6%,117,20065,776,62,44221.55
2026-07-20,UAE,Influencer,1066,892,42.1%,86,2641,82,10,7361.04
2026-07-20,UAE,Organic Search,24045,18468,34.9%,137,51479,2028,329,249845.14
2026-07-20,UAE,Direct,19295,15104,39.5%,200,28043,1819,264,179176.01
2026-07-27,UAE,Paid Search,78350,64042,48.9%,73,140565,6732,514,342021.25
2026-07-27,UAE,Paid Social,184156,150364,53.5%,186,467302,18595,534,382089.76
2026-07-27,UAE,Video,48017,40071,60.3%,96,113597,2799,341,243045.58
2026-07-27,UAE,Display,11890,10033,49.7%,206,27725,1064,77,53424.26
2026-07-27,UAE,Influencer,2820,2202,41.6%,77,6466,222,40,30608.11
2026-07-27,UAE,Organic Search,26483,19637,40.4%,156,57392,1978,346,235233.79
2026-07-27,UAE,Direct,20773,16511,35.9%,201,35364,2062,189,127784.92
2025-08-04,KSA,Paid Search,178339,131497,61.9%,155,402318,15439,596,436758.39
2025-08-04,KSA,Paid Social,339584,269276,52.3%,208,537909,22116,2408,1777658.45
2025-08-04,KSA,Video,53352,45152,50.5%,116,100768,4281,205,152662.85
2025-08-04,KSA,Display,12552,10688,48.2%,156,23621,906,67,47207.92
2025-08-04,KSA,Influencer,1874,1401,37.5%,75,4777,144,21,15194.47
2025-08-04,KSA,Organic Search,37161,29625,31.4%,199,84320,2218,461,352091.64
2025-08-04,KSA,Direct,31295,23667,36.4%,148,66018,2981,428,314865.98
2025-08-11,KSA,Paid Search,140415,119551,62.3%,71,296577,8962,400,297129.4
2025-08-11,KSA,Paid Social,294801,247059,50.5%,88,697483,15874,1134,760339.37
2025-08-11,KSA,Video,64423,47292,50.6%,133,128257,5858,302,222914.78
2025-08-11,KSA,Display,18793,15922,52.0%,177,46394,1951,82,60070.55
2025-08-11,KSA,Influencer,1176,908,43.4%,105,2777,59,18,12322.25
2025-08-11,KSA,Organic Search,33735,25658,43.7%,90,67934,1990,346,252843.44
2025-08-11,KSA,Direct,33406,25005,37.2%,196,79582,2261,299,224197.17
2025-08-18,KSA,Paid Search,120208,92366,59.1%,182,218218,9427,585,422406.37
2025-08-18,KSA,Paid Social,276469,206306,59.2%,145,643836,15923,1009,679778.39
2025-08-18,KSA,Video,74398,53775,52.8%,167,146063,8031,317,210019.64
2025-08-18,KSA,Display,16088,12204,62.7%,204,33724,1656,71,53913.95
2025-08-18,KSA,Influencer,1098,932,32.7%,78,2097,63,16,12510.92
2025-08-18,KSA,Organic Search,37137,27459,43.3%,115,55346,2135,528,359059.4
2025-08-18,KSA,Direct,31617,25078,40.2%,71,71958,2226,447,314315.96
2025-08-25,KSA,Paid Search,153866,125156,57.9%,128,320556,9690,556,390979.33
2025-08-25,KSA,Paid Social,326964,262033,49.2%,61,676634,37657,1603,1102887.9
2025-08-25,KSA,Video,74781,59905,51.9%,146,170501,7966,436,297790.64
2025-08-25,KSA,Display,15270,11565,55.4%,84,26854,1102,92,69361.72
2025-08-25,KSA,Influencer,1829,1483,39.1%,163,3943,95,19,13455.13
2025-08-25,KSA,Organic Search,37620,27250,35.7%,76,72506,4388,570,411386.99
2025-08-25,KSA,Direct,31321,25836,37.7%,81,51966,3307,410,285251.98
2025-09-01,KSA,Paid Search,199125,166196,53.3%,185,417826,13361,607,447874.43
2025-09-01,KSA,Paid Social,369781,266589,62.2%,130,807789,23938,2441,1797969.84
2025-09-01,KSA,Video,52359,38908,54.6%,138,122905,5975,315,237097.3
2025-09-01,KSA,Display,16146,13241,58.0%,191,25694,1206,54,39740.71
2025-09-01,KSA,Influencer,2750,2078,32.4%,82,5500,260,35,25207.17
2025-09-01,KSA,Organic Search,37481,29073,41.5%,165,71724,4237,384,273753.14
2025-09-01,KSA,Direct,30496,22694,34.7%,118,69042,2082,325,224673.07
2025-09-08,KSA,Paid Search,180169,136533,58.4%,174,414696,13430,962,666745.86
2025-09-08,KSA,Paid Social,316898,239227,50.0%,192,795545,31846,1040,745616.92
2025-09-08,KSA,Video,58969,46037,62.6%,89,148527,5302,340,253800.58
2025-09-08,KSA,Display,16319,12684,62.5%,157,38407,1143,78,56229.7
2025-09-08,KSA,Influencer,1747,1463,31.0%,158,4009,199,21,15432.53
2025-09-08,KSA,Organic Search,36345,28940,40.3%,104,68413,3600,352,243147.77
2025-09-08,KSA,Direct,29541,24018,42.0%,103,42946,2519,328,225827.16
2025-09-15,KSA,Paid Search,162033,129617,50.6%,141,371068,10721,1082,702157.5
2025-09-15,KSA,Paid Social,308739,224253,56.1%,131,498400,22878,2196,1684225.52
2025-09-15,KSA,Video,51082,43512,61.7%,142,76896,2893,337,248766.29
2025-09-15,KSA,Display,15019,12361,50.8%,130,34496,1279,57,42041.41
2025-09-15,KSA,Influencer,1949,1620,39.8%,203,4069,214,23,15990.61
2025-09-15,KSA,Organic Search,39263,31028,34.6%,206,56493,2856,570,396742.28
2025-09-15,KSA,Direct,28547,21980,40.3%,73,50927,2851,274,193677.58
2025-09-22,KSA,Paid Search,171754,130047,57.1%,68,368629,10140,587,419517.85
2025-09-22,KSA,Paid Social,318572,246171,50.7%,89,700330,37935,1570,1157482.34
2025-09-22,KSA,Video,74630,55005,54.8%,146,172989,5305,361,267598.92
2025-09-22,KSA,Display,14202,11403,49.2%,200,21057,1241,63,46399.45
2025-09-22,KSA,Influencer,1762,1423,33.8%,143,4298,198,21,16384.12
2025-09-22,KSA,Organic Search,39208,30157,42.0%,83,79899,2698,354,247532.08
2025-09-22,KSA,Direct,33255,28542,34.3%,110,55538,2763,403,281357.3
2025-09-29,KSA,Paid Search,179290,132316,48.6%,61,360955,19206,815,622809.28
2025-09-29,KSA,Paid Social,305299,228494,58.0%,181,539539,24133,1777,1241674.2
2025-09-29,KSA,Video,80101,59144,50.5%,68,165183,5292,508,357924.87
2025-09-29,KSA,Display,12376,9144,55.1%,196,29188,1059,57,40724.0
2025-09-29,KSA,Influencer,2007,1635,43.2%,79,3182,185,25,18298.7
2025-09-29,KSA,Organic Search,39957,29475,42.2%,85,77440,4073,503,397595.03
2025-09-29,KSA,Direct,33222,24568,33.1%,185,57887,3736,368,267104.28
2025-10-06,KSA,Paid Search,152325,128266,54.4%,110,319357,8560,859,661914.73
2025-10-06,KSA,Paid Social,362316,300524,56.3%,175,613061,24522,2436,1853672.99
2025-10-06,KSA,Video,50522,42614,56.5%,114,127848,2952,363,264967.61
2025-10-06,KSA,Display,12120,8838,62.9%,140,24341,1164,64,45134.59
2025-10-06,KSA,Influencer,974,833,38.0%,106,2164,61,13,9386.02
2025-10-06,KSA,Organic Search,42444,31413,35.6%,148,109756,4721,612,448170.39
2025-10-06,KSA,Direct,31464,23049,31.7%,154,79337,3341,419,324949.72
2025-10-13,KSA,Paid Search,145732,105517,58.9%,88,221729,16261,864,611048.62
2025-10-13,KSA,Paid Social,306063,223241,56.0%,116,513588,22800,1967,1376920.89
2025-10-13,KSA,Video,56023,45837,53.2%,164,131480,5370,356,259442.52
2025-10-13,KSA,Display,13071,10547,53.7%,173,28050,1264,84,60217.04
2025-10-13,KSA,Influencer,2690,2033,35.4%,166,4372,242,34,26119.29
2025-10-13,KSA,Organic Search,38545,32760,32.3%,196,71032,2185,369,257936.49
2025-10-13,KSA,Direct,32671,26804,38.9%,200,70813,2029,401,294268.9
2025-10-20,KSA,Paid Search,171737,146845,54.6%,130,370680,12355,1190,861328.59
2025-10-20,KSA,Paid Social,356488,304990,53.6%,134,621527,18670,1763,1272284.12
2025-10-20,KSA,Video,64746,51094,49.4%,128,101417,5721,197,136872.87
2025-10-20,KSA,Display,17809,13793,55.2%,114,37861,2135,80,56242.88
2025-10-20,KSA,Influencer,780,582,40.3%,137,1736,44,10,7146.3
2025-10-20,KSA,Organic Search,40440,31011,40.3%,167,70312,3816,360,257790.79
2025-10-20,KSA,Direct,29342,24343,42.4%,208,65620,1521,349,256812.15
2025-10-27,KSA,Paid Search,197398,145408,62.4%,168,384046,13929,875,640987.67
2025-10-27,KSA,Paid Social,320420,232468,59.2%,169,717958,34574,989,715056.36
2025-10-27,KSA,Video,58852,48034,55.0%,163,106284,5881,435,311127.34
2025-10-27,KSA,Display,15773,11807,51.8%,75,35185,934,46,34516.01
2025-10-27,KSA,Influencer,1561,1303,38.4%,168,2593,90,23,15631.24
2025-10-27,KSA,Organic Search,38027,27727,33.7%,177,62560,4544,594,430469.17
2025-10-27,KSA,Direct,31225,23407,33.8%,209,72189,3001,398,267615.59
2025-11-03,KSA,Paid Search,178600,129897,50.5%,76,263214,14067,1308,981958.61
2025-11-03,KSA,Paid Social,382632,285038,59.9%,149,595369,44011,1235,862953.33
2025-11-03,KSA,Video,56527,41345,61.2%,101,84506,5783,230,162466.83
2025-11-03,KSA,Display,14105,11828,60.9%,104,21916,1572,46,32915.88
2025-11-03,KSA,Influencer,2726,1999,40.3%,173,5920,279,34,24048.51
2025-11-03,KSA,Organic Search,36959,28851,34.2%,88,87930,2210,333,249641.79
2025-11-03,KSA,Direct,31361,25258,33.3%,187,63401,3741,501,363589.57
2025-11-10,KSA,Paid Search,175208,146154,48.4%,209,347699,15029,1178,886149.97
2025-11-10,KSA,Paid Social,297185,217250,51.8%,102,473311,26108,1326,921082.62
2025-11-10,KSA,Video,52495,39369,58.1%,155,118467,6037,169,119167.02
2025-11-10,KSA,Display,15723,11998,49.8%,93,39526,1610,71,51469.2
2025-11-10,KSA,Influencer,2859,2165,31.3%,151,7348,289,27,20088.88
2025-11-10,KSA,Organic Search,39216,28481,43.9%,115,67371,4602,538,389324.72
2025-11-10,KSA,Direct,32323,25967,40.8%,99,59356,3782,321,241232.59
2025-11-17,KSA,Paid Search,302215,251688,51.8%,208,563139,33170,1659,1216777.73
2025-11-17,KSA,Paid Social,709158,516216,62.5%,183,1811999,81061,2080,1554094.03
2025-11-17,KSA,Video,116322,85160,54.2%,115,245970,12422,498,353540.66
2025-11-17,KSA,Display,24955,20927,55.6%,136,36700,2585,178,134009.32
2025-11-17,KSA,Influencer,4431,3745,33.5%,103,7904,300,51,38422.11
2025-11-17,KSA,Organic Search,38577,31713,31.3%,183,60737,3428,451,324154.07
2025-11-17,KSA,Direct,33509,26347,32.0%,86,57432,3125,318,205193.95
2025-11-24,KSA,Paid Search,422186,337106,60.1%,84,640883,50647,2390,1753688.67
2025-11-24,KSA,Paid Social,824450,596541,50.3%,75,1255327,97584,3440,2291051.46
2025-11-24,KSA,Video,131274,99666,52.1%,98,244709,14970,511,385889.5
2025-11-24,KSA,Display,34059,26109,61.8%,161,58128,3172,130,89189.53
2025-11-24,KSA,Influencer,1135,862,34.6%,183,2381,79,10,7789.9
2025-11-24,KSA,Organic Search,38711,28117,31.1%,97,92909,3209,521,398224.33
2025-11-24,KSA,Direct,31870,23077,40.4%,64,81384,1642,419,308307.04
2025-12-01,KSA,Paid Search,236429,202920,54.6%,115,402243,23072,777,573521.75
2025-12-01,KSA,Paid Social,521689,388439,49.2%,134,1179158,40748,3292,2323820.13
2025-12-01,KSA,Video,100216,74595,59.6%,159,144828,9946,496,360957.54
2025-12-01,KSA,Display,27690,22109,48.8%,132,69462,1584,149,103486.55
2025-12-01,KSA,Influencer,155,129,41.7%,88,313,11,2,1657.38
2025-12-01,KSA,Organic Search,39002,32901,38.7%,207,78004,2427,460,341001.14
2025-12-01,KSA,Direct,33894,28449,43.4%,106,48722,2481,443,333404.92
2025-12-08,KSA,Paid Search,160867,117441,51.4%,148,274222,15502,871,648433.18
2025-12-08,KSA,Paid Social,337008,248116,57.2%,196,598762,33736,1010,708550.76
2025-12-08,KSA,Video,66071,54999,62.1%,144,129666,3699,242,168512.47
2025-12-08,KSA,Display,16553,13968,60.8%,191,38347,1937,109,80828.2
2025-12-08,KSA,Influencer,1753,1445,38.2%,138,4178,175,26,18748.73
2025-12-08,KSA,Organic Search,41001,30601,32.4%,179,71021,2135,639,428258.59
2025-12-08,KSA,Direct,31642,24594,31.9%,170,66865,2632,505,360406.0
2025-12-15,KSA,Paid Search,269835,195608,60.7%,82,518271,32014,1998,1444905.79
2025-12-15,KSA,Paid Social,488157,396207,55.1%,93,987139,57056,2688,1915764.74
2025-12-15,KSA,Video,81267,65217,62.0%,209,150877,8578,383,269331.31
2025-12-15,KSA,Display,23046,16846,56.6%,130,41515,1166,155,108028.79
2025-12-15,KSA,Influencer,1325,1059,35.5%,99,2958,119,13,10815.65
2025-12-15,KSA,Organic Search,37669,29319,33.5%,195,91292,2273,573,396122.65
2025-12-15,KSA,Direct,31979,25133,39.0%,99,52024,2627,284,191140.47
2025-12-22,KSA,Paid Search,233547,195631,60.0%,196,539399,26141,1689,1209663.78
2025-12-22,KSA,Paid Social,477938,395816,62.8%,152,1142764,52021,2119,1538321.72
2025-12-22,KSA,Video,81228,67862,51.7%,114,159314,9427,432,322180.15
2025-12-22,KSA,Display,22141,17096,51.4%,126,33150,1242,138,96183.86
2025-12-22,KSA,Influencer,2214,1727,39.1%,149,5233,228,30,23270.28
2025-12-22,KSA,Organic Search,36344,30253,40.0%,110,86256,2572,363,249676.79
2025-12-22,KSA,Direct,32208,25981,40.0%,76,52788,1635,476,339870.51
2025-12-29,KSA,Paid Search,210685,160777,52.7%,134,491452,18436,1414,1010178.12
2025-12-29,KSA,Paid Social,429346,329003,53.8%,180,1007162,42398,3232,2178283.48
2025-12-29,KSA,Video,86489,73883,60.6%,142,182072,7397,554,400960.08
2025-12-29,KSA,Display,23917,18369,57.1%,164,43953,1496,147,107786.77
2025-12-29,KSA,Influencer,2094,1577,42.6%,68,3834,132,28,19389.41
2025-12-29,KSA,Organic Search,38437,31506,31.4%,160,88194,2579,552,389285.76
2025-12-29,KSA,Direct,31905,26752,31.5%,173,69213,3453,430,327647.12
2026-01-05,KSA,Paid Search,131235,103168,54.5%,91,257375,14599,791,554726.44
2026-01-05,KSA,Paid Social,383413,305034,59.0%,169,572532,36581,2076,1571098.85
2026-01-05,KSA,Video,52703,42013,62.3%,192,130576,5573,391,290655.52
2026-01-05,KSA,Display,18457,13628,56.3%,207,40929,1702,112,73670.02
2026-01-05,KSA,Influencer,1641,1219,35.5%,94,2607,99,18,12866.87
2026-01-05,KSA,Organic Search,36848,27358,32.8%,181,89354,3540,569,413816.67
2026-01-05,KSA,Direct,31465,25460,40.1%,186,57318,2340,303,216699.4
2026-01-12,KSA,Paid Search,163738,120148,54.3%,64,258338,13955,1227,811934.21
2026-01-12,KSA,Paid Social,338101,270925,60.1%,121,679200,26932,1392,1077372.56
2026-01-12,KSA,Video,55634,40539,61.5%,65,126329,3164,306,224816.12
2026-01-12,KSA,Display,15575,12427,54.4%,200,37813,1309,52,37915.41
2026-01-12,KSA,Influencer,3489,2726,41.5%,82,5297,245,48,34063.63
2026-01-12,KSA,Organic Search,41883,35096,38.3%,188,93042,4844,529,379682.14
2026-01-12,KSA,Direct,31747,23648,42.7%,89,73902,2831,365,246390.68
2026-01-19,KSA,Paid Search,84057,67630,56.4%,201,217908,8233,423,325710.68
2026-01-19,KSA,Paid Social,188408,140193,54.3%,197,314900,14874,1376,989732.53
2026-01-19,KSA,Video,29341,23526,57.4%,142,41240,3431,176,131192.99
2026-01-19,KSA,Display,9906,7743,61.7%,93,19749,612,35,25663.11
2026-01-19,KSA,Influencer,4372,3480,37.8%,169,6836,257,38,27073.51
2026-01-19,KSA,Organic Search,39836,31535,31.6%,169,56493,2653,437,331832.34
2026-01-19,KSA,Direct,34531,26371,38.4%,171,88892,3228,414,295186.17
2026-01-26,KSA,Paid Search,94149,68126,59.9%,141,142889,6809,440,297533.78
2026-01-26,KSA,Paid Social,190591,149197,53.0%,100,407158,22215,1285,927890.46
2026-01-26,KSA,Video,39075,28922,51.3%,127,65378,3988,168,116634.54
2026-01-26,KSA,Display,8768,7422,48.3%,150,14311,678,63,46940.91
2026-01-26,KSA,Influencer,4504,3812,35.9%,102,11692,414,71,53433.85
2026-01-26,KSA,Organic Search,39361,31428,43.9%,98,88704,4670,472,345399.61
2026-01-26,KSA,Direct,37812,29380,33.3%,116,81561,2821,425,303672.42
2026-02-02,KSA,Paid Search,101746,86148,60.9%,102,251963,6570,470,332502.64
2026-02-02,KSA,Paid Social,167232,126130,60.0%,209,366966,16050,1143,736162.74
2026-02-02,KSA,Video,29688,21824,55.2%,184,49977,2459,135,102967.4
2026-02-02,KSA,Display,8748,7301,56.3%,93,22012,1045,27,20107.02
2026-02-02,KSA,Influencer,3406,2839,42.3%,126,5795,246,36,26009.53
2026-02-02,KSA,Organic Search,39922,29920,36.5%,209,90684,3723,563,390958.71
2026-02-02,KSA,Direct,30838,25256,42.4%,71,56349,3089,352,264894.01
2026-02-09,KSA,Paid Search,85676,62573,56.2%,204,175489,9682,584,411443.29
2026-02-09,KSA,Paid Social,179359,153543,61.6%,118,297634,17492,1172,851965.13
2026-02-09,KSA,Video,30956,22397,55.8%,110,51702,3596,120,88524.55
2026-02-09,KSA,Display,9322,7301,49.8%,75,21691,587,60,44151.59
2026-02-09,KSA,Influencer,3861,3224,34.0%,207,8020,274,60,40951.05
2026-02-09,KSA,Organic Search,39096,31566,36.1%,93,93066,3697,529,381356.75
2026-02-09,KSA,Direct,32130,23732,39.6%,130,76316,2997,410,278371.53
2026-02-16,KSA,Paid Search,108708,93480,61.6%,92,159844,9939,647,459329.71
2026-02-16,KSA,Paid Social,189099,136567,61.7%,59,271699,13940,953,658466.23
2026-02-16,KSA,Video,37574,31438,54.3%,143,66213,3640,128,98645.2
2026-02-16,KSA,Display,9788,7158,56.0%,142,22326,563,63,44810.19
2026-02-16,KSA,Influencer,3937,3091,43.5%,200,10134,470,57,40840.06
2026-02-16,KSA,Organic Search,41643,34480,35.5%,172,74836,3733,526,372938.42
2026-02-16,KSA,Direct,34036,27618,37.0%,186,73359,1849,296,216975.3
2026-02-23,KSA,Paid Search,127572,95441,56.2%,147,233776,13588,891,657790.7
2026-02-23,KSA,Paid Social,255966,214614,48.1%,195,482498,18872,1764,1379881.11
2026-02-23,KSA,Video,55110,45979,51.1%,108,119042,5941,395,286114.81
2026-02-23,KSA,Display,13897,11858,60.9%,161,33310,694,68,48295.64
2026-02-23,KSA,Influencer,7244,6095,35.0%,108,10541,772,86,68077.9
2026-02-23,KSA,Organic Search,40121,32273,31.8%,91,89496,3964,488,327289.15
2026-02-23,KSA,Direct,36072,31018,31.9%,190,75006,3985,357,273250.44
2026-03-02,KSA,Paid Search,241341,202022,60.7%,191,568143,28135,764,533980.3
2026-03-02,KSA,Paid Social,462111,347256,53.3%,160,1171539,54165,1379,995538.25
2026-03-02,KSA,Video,97299,82538,51.1%,81,156896,11461,473,350749.04
2026-03-02,KSA,Display,28104,21386,51.3%,115,56095,2258,130,90546.8
2026-03-02,KSA,Influencer,4249,3148,40.9%,166,8116,401,40,30091.37
2026-03-02,KSA,Organic Search,39224,32264,42.9%,67,59424,2197,461,341716.02
2026-03-02,KSA,Direct,30768,23667,41.1%,68,56367,3512,370,255607.15
2026-03-09,KSA,Paid Search,160536,127856,60.4%,90,344144,13538,591,458001.4
2026-03-09,KSA,Paid Social,416110,352760,55.8%,77,711617,47831,1499,1160406.21
2026-03-09,KSA,Video,85256,66698,58.6%,168,132396,4715,499,418692.18
2026-03-09,KSA,Display,19324,15841,59.9%,131,33393,1322,120,92253.66
2026-03-09,KSA,Influencer,5900,5065,41.4%,162,8592,621,81,57156.83
2026-03-09,KSA,Organic Search,42079,33840,33.8%,103,105629,2505,393,279734.58
2026-03-09,KSA,Direct,32761,27121,32.7%,62,84964,1857,340,234923.69
2026-03-16,KSA,Paid Search,182597,147109,60.5%,123,300243,12202,1300,895439.52
2026-03-16,KSA,Paid Social,388500,321757,49.1%,162,748260,23976,2148,1572977.92
2026-03-16,KSA,Video,73256,60286,48.6%,146,117244,4371,216,163176.84
2026-03-16,KSA,Display,19538,14363,50.6%,103,32245,2123,66,47844.74
2026-03-16,KSA,Influencer,5077,3814,43.8%,175,9725,571,55,36196.26
2026-03-16,KSA,Organic Search,43760,37524,37.9%,160,99215,4676,594,388770.65
2026-03-16,KSA,Direct,30172,23796,32.8%,96,60845,2823,318,220595.46
2026-03-23,KSA,Paid Search,200735,157422,54.8%,122,395513,18960,1433,1094052.65
2026-03-23,KSA,Paid Social,391020,295048,50.2%,105,548761,32754,1514,1144523.79
2026-03-23,KSA,Video,68147,51288,55.3%,124,127032,3559,469,332067.22
2026-03-23,KSA,Display,19100,15570,59.6%,89,47760,2200,109,77966.16
2026-03-23,KSA,Influencer,3596,3006,36.4%,73,7242,360,48,34875.48
2026-03-23,KSA,Organic Search,39986,32014,35.2%,138,99809,3021,409,300974.44
2026-03-23,KSA,Direct,31384,23369,41.0%,208,78514,1770,466,341230.91
2026-03-30,KSA,Paid Search,136300,99740,49.2%,145,296507,12157,866,623216.21
2026-03-30,KSA,Paid Social,302459,255767,54.5%,106,782714,25191,1352,950653.59
2026-03-30,KSA,Video,47365,34898,61.3%,159,69266,4630,288,195851.22
2026-03-30,KSA,Display,14304,10929,54.8%,87,34042,885,49,33662.77
2026-03-30,KSA,Influencer,2581,1925,34.3%,181,5212,292,28,20544.64
2026-03-30,KSA,Organic Search,40883,34602,41.8%,110,79126,2706,518,349991.83
2026-03-30,KSA,Direct,30279,23620,40.8%,202,61277,2323,418,301203.1
2026-04-06,KSA,Paid Search,125077,92448,55.2%,105,294482,14603,413,283902.88
2026-04-06,KSA,Paid Social,267711,210804,62.3%,141,677100,16692,1122,866456.21
2026-04-06,KSA,Video,42113,35065,49.1%,186,62118,3171,215,146358.39
2026-04-06,KSA,Display,11767,10116,54.5%,146,18321,753,37,27349.75
2026-04-06,KSA,Influencer,2267,1674,40.6%,195,5225,218,22,15302.08
2026-04-06,KSA,Organic Search,40598,29366,36.5%,157,102271,4465,552,418286.68
2026-04-06,KSA,Direct,35515,29632,41.1%,119,58964,2959,570,419517.88
2026-04-13,KSA,Paid Search,127442,107780,61.0%,69,226325,12340,620,434832.07
2026-04-13,KSA,Paid Social,255580,194641,54.3%,200,564521,29520,1544,1131343.31
2026-04-13,KSA,Video,48240,38496,50.8%,176,106200,3364,144,103426.0
2026-04-13,KSA,Display,11193,8902,52.7%,82,24246,1037,67,46849.2
2026-04-13,KSA,Influencer,1180,1009,32.0%,114,2473,113,16,12508.8
2026-04-13,KSA,Organic Search,45691,38296,32.4%,103,81842,5076,487,337331.49
2026-04-13,KSA,Direct,30589,24761,32.0%,105,47213,3214,457,338962.06
2026-04-20,KSA,Paid Search,145531,124316,58.5%,81,348275,7469,466,336913.12
2026-04-20,KSA,Paid Social,307813,238735,55.6%,150,505755,29273,2159,1594727.12
2026-04-20,KSA,Video,55051,42590,49.1%,157,102460,4262,268,197057.83
2026-04-20,KSA,Display,15300,11352,52.5%,111,30621,944,51,35179.29
2026-04-20,KSA,Influencer,1394,1188,32.3%,187,2015,120,14,10111.48
2026-04-20,KSA,Organic Search,39136,29388,39.2%,124,83109,3695,514,357897.81
2026-04-20,KSA,Direct,30464,23662,35.0%,187,67889,3090,387,280538.54
2026-04-27,KSA,Paid Search,89842,65838,62.3%,197,227754,9051,439,323361.74
2026-04-27,KSA,Paid Social,272049,208425,51.7%,208,600224,16998,893,626390.84
2026-04-27,KSA,Video,46112,34394,55.0%,71,100560,4917,326,237208.21
2026-04-27,KSA,Display,13197,10453,55.9%,162,29260,794,85,61982.05
2026-04-27,KSA,Influencer,2303,1763,32.5%,209,5743,185,29,20609.42
2026-04-27,KSA,Organic Search,41913,35695,32.6%,85,92226,2517,448,331529.25
2026-04-27,KSA,Direct,33686,26569,31.6%,170,86545,2966,397,295758.27
2026-05-04,KSA,Paid Search,104245,77129,54.6%,143,235036,12340,779,538663.19
2026-05-04,KSA,Paid Social,231799,193586,48.4%,61,409977,20833,1420,1032251.89
2026-05-04,KSA,Video,67661,54045,49.9%,201,148170,4303,340,250365.97
2026-05-04,KSA,Display,14317,12138,60.2%,101,33957,1452,47,33589.19
2026-05-04,KSA,Influencer,1183,918,33.9%,120,2278,60,10,7907.21
2026-05-04,KSA,Organic Search,39943,32406,33.7%,65,95633,3015,467,336864.94
2026-05-04,KSA,Direct,35855,27925,33.1%,150,87163,2779,509,396381.54
2026-05-11,KSA,Paid Search,106893,88637,60.3%,120,242511,6054,416,312184.3
2026-05-11,KSA,Paid Social,223732,170242,53.3%,142,330495,22101,1564,1066899.09
2026-05-11,KSA,Video,51974,42887,53.3%,121,111446,6113,393,285979.59
2026-05-11,KSA,Display,12245,9990,59.2%,101,23329,851,78,57724.7
2026-05-11,KSA,Influencer,1561,1209,39.1%,184,3352,171,23,17307.5
2026-05-11,KSA,Organic Search,44809,35055,42.5%,130,108753,4741,687,497038.26
2026-05-11,KSA,Direct,35157,25358,32.0%,202,65034,2098,380,264791.76
2026-05-18,KSA,Paid Search,80288,66132,60.2%,193,205773,5400,268,187383.98
2026-05-18,KSA,Paid Social,247586,212092,55.0%,101,608282,29664,1550,1136752.06
2026-05-18,KSA,Video,58381,45613,52.1%,132,130455,4057,256,176515.61
2026-05-18,KSA,Display,12881,10841,58.1%,87,32233,1227,46,32771.94
2026-05-18,KSA,Influencer,2369,1794,41.1%,168,5960,119,35,25098.62
2026-05-18,KSA,Organic Search,37033,28451,34.8%,123,82191,3862,376,249184.72
2026-05-18,KSA,Direct,32274,26878,39.0%,109,72903,1769,407,280404.35
2026-05-25,KSA,Paid Search,88413,65994,60.2%,89,215432,7827,536,330808.62
2026-05-25,KSA,Paid Social,266244,195766,60.2%,122,543477,21278,1176,842670.65
2026-05-25,KSA,Video,51804,44325,48.3%,153,94600,5832,234,162431.83
2026-05-25,KSA,Display,12430,10403,62.9%,152,21743,969,65,45409.65
2026-05-25,KSA,Influencer,2926,2413,31.2%,118,6353,200,26,18870.76
2026-05-25,KSA,Organic Search,42705,33730,40.2%,83,86812,3268,457,336514.85
2026-05-25,KSA,Direct,30286,23389,34.3%,178,75550,2409,411,290489.55
2026-06-01,KSA,Paid Search,104604,76613,54.4%,158,169864,11957,556,386955.43
2026-06-01,KSA,Paid Social,252894,198413,51.2%,182,548825,13016,835,583004.31
2026-06-01,KSA,Video,45608,33945,59.0%,184,70678,3968,328,236999.52
2026-06-01,KSA,Display,14538,12272,52.0%,142,34965,1458,61,45758.78
2026-06-01,KSA,Influencer,1326,1017,42.1%,71,2620,153,18,13485.26
2026-06-01,KSA,Organic Search,38731,29532,43.3%,69,88462,3640,531,383803.45
2026-06-01,KSA,Direct,37742,31117,32.2%,183,70695,1964,363,261538.2
2026-06-08,KSA,Paid Search,93254,71094,59.5%,87,136596,9004,476,342634.76
2026-06-08,KSA,Paid Social,209559,154716,52.1%,190,403232,12358,1293,942942.21
2026-06-08,KSA,Video,51592,37402,48.8%,89,128177,3640,348,242360.2
2026-06-08,KSA,Display,14251,11376,57.4%,141,30266,1203,56,40996.47
2026-06-08,KSA,Influencer,1542,1136,41.9%,123,3885,144,16,12340.19
2026-06-08,KSA,Organic Search,41033,30444,35.9%,153,70062,3357,378,252345.25
2026-06-08,KSA,Direct,32598,24795,40.7%,85,61243,2599,425,312160.51
2026-06-15,KSA,Paid Search,101255,80415,50.5%,187,251480,6234,320,234287.09
2026-06-15,KSA,Paid Social,240569,190608,58.2%,151,402439,14153,745,519363.38
2026-06-15,KSA,Video,56524,41544,49.6%,191,107142,3722,406,296502.52
2026-06-15,KSA,Display,11850,9729,59.3%,149,28135,1413,75,59261.61
2026-06-15,KSA,Influencer,1611,1181,39.4%,83,3246,137,18,13091.65
2026-06-15,KSA,Organic Search,42155,35853,42.9%,185,83469,3278,381,290558.15
2026-06-15,KSA,Direct,33259,27946,43.5%,69,55609,1963,518,341849.59
2026-06-22,KSA,Paid Search,76198,56441,54.7%,209,134104,7966,480,358163.49
2026-06-22,KSA,Paid Social,226617,165458,60.4%,206,450384,14035,1594,1218173.32
2026-06-22,KSA,Video,55707,47379,58.9%,174,135658,5622,170,117292.55
2026-06-22,KSA,Display,14704,10890,53.4%,149,20901,1625,74,51616.71
2026-06-22,KSA,Influencer,877,643,33.5%,86,1664,95,11,9289.38
2026-06-22,KSA,Organic Search,39769,32827,43.7%,159,85415,2061,529,381030.17
2026-06-22,KSA,Direct,37409,31012,37.6%,104,82523,3791,461,320053.97
2026-06-29,KSA,Paid Search,96439,82299,62.8%,165,230951,7655,644,485679.74
2026-06-29,KSA,Paid Social,266222,204382,50.7%,182,631013,23291,1440,1067269.88
2026-06-29,KSA,Video,53094,39254,59.8%,73,93336,3813,298,218999.89
2026-06-29,KSA,Display,13288,10390,55.3%,73,20723,1226,87,63593.72
2026-06-29,KSA,Influencer,1844,1461,33.0%,108,3947,178,16,12169.3
2026-06-29,KSA,Organic Search,37353,30054,43.4%,144,94506,4373,394,288869.31
2026-06-29,KSA,Direct,31785,25571,37.6%,189,56392,1841,318,210734.85
2026-07-06,KSA,Paid Search,106679,82955,50.7%,156,252657,5605,444,332559.57
2026-07-06,KSA,Paid Social,243825,181095,51.7%,63,398777,22269,1380,973804.08
2026-07-06,KSA,Video,51456,42285,60.1%,137,116971,3778,173,131857.26
2026-07-06,KSA,Display,14325,11185,60.7%,69,29838,1143,59,40308.3
2026-07-06,KSA,Influencer,2376,1740,38.7%,133,3850,138,22,16614.84
2026-07-06,KSA,Organic Search,44292,34096,31.2%,147,76411,4488,700,473653.89
2026-07-06,KSA,Direct,33676,26681,34.2%,89,82029,2139,367,256270.15
2026-07-13,KSA,Paid Search,110344,81037,62.5%,132,198857,12955,626,479560.8
2026-07-13,KSA,Paid Social,241468,207322,52.4%,160,437915,12376,1481,1077342.47
2026-07-13,KSA,Video,52702,42932,60.2%,144,85713,3832,299,211767.54
2026-07-13,KSA,Display,15638,12545,55.0%,170,32872,942,57,42715.6
2026-07-13,KSA,Influencer,1075,814,43.5%,122,2563,113,9,6539.66
2026-07-13,KSA,Organic Search,38646,30071,36.1%,133,87353,2868,451,322774.69
2026-07-13,KSA,Direct,34505,25617,32.8%,204,78886,1885,398,295557.82
2026-07-20,KSA,Paid Search,97274,70997,49.0%,147,149779,11119,542,384174.72
2026-07-20,KSA,Paid Social,267903,227507,57.3%,176,502237,16822,1590,1090612.92
2026-07-20,KSA,Video,46902,37912,61.1%,86,78794,4941,216,150921.19
2026-07-20,KSA,Display,13008,9923,57.5%,67,31614,1062,58,44599.91
2026-07-20,KSA,Influencer,1142,862,43.8%,93,1928,102,11,8299.87
2026-07-20,KSA,Organic Search,43630,34884,40.5%,195,110863,4799,658,438050.67
2026-07-20,KSA,Direct,31307,25583,41.0%,175,63454,2143,464,309566.32
2026-07-27,KSA,Paid Search,107621,80244,62.6%,118,155708,7866,762,547531.48
2026-07-27,KSA,Paid Social,282957,209742,58.6%,174,572973,28250,1943,1305808.55
2026-07-27,KSA,Video,53479,41920,59.8%,72,106990,5463,364,248019.92
2026-07-27,KSA,Display,15420,12701,56.8%,138,31564,1271,68,48800.52
2026-07-27,KSA,Influencer,2455,1856,43.4%,164,3496,233,33,24493.74
2026-07-27,KSA,Organic Search,37609,27975,35.1%,152,54677,3227,484,362301.54
2026-07-27,KSA,Direct,31011,25489,32.2%,87,77279,3528,404,296978.85
2025-08-04,Egypt,Paid Search,45731,34369,56.9%,142,91387,4850,172,36540.94
2025-08-04,Egypt,Paid Social,96957,80114,60.0%,141,160358,9366,582,120806.66
2025-08-04,Egypt,Video,13886,11021,49.4%,76,35555,1142,50,10667.93
2025-08-04,Egypt,Display,5637,4691,55.4%,181,8034,334,25,5134.68
2025-08-04,Egypt,Influencer,728,547,35.8%,206,1238,50,9,2068.24
2025-08-04,Egypt,Organic Search,21697,16758,32.6%,94,44378,1460,182,37498.62
2025-08-04,Egypt,Direct,14344,12263,35.9%,98,22119,1239,212,41863.39
2025-08-11,Egypt,Paid Search,52972,40947,57.0%,188,124730,4262,187,39422.58
2025-08-11,Egypt,Paid Social,93115,70915,50.0%,166,132268,6743,652,137830.01
2025-08-11,Egypt,Video,18038,13542,51.5%,179,34788,1152,114,23714.92
2025-08-11,Egypt,Display,4882,3997,49.8%,140,7013,488,26,5391.92
2025-08-11,Egypt,Influencer,1859,1351,35.0%,61,2783,214,16,3557.82
2025-08-11,Egypt,Organic Search,19913,15695,39.7%,144,42703,1321,174,33354.6
2025-08-11,Egypt,Direct,15248,12811,39.0%,207,24914,1162,227,48576.0
2025-08-18,Egypt,Paid Search,45108,37831,54.1%,110,104860,4461,162,33480.0
2025-08-18,Egypt,Paid Social,90020,76112,54.4%,112,178217,6769,279,65001.87
2025-08-18,Egypt,Video,15857,12402,54.8%,97,39234,950,74,15089.68
2025-08-18,Egypt,Display,5231,4000,53.2%,98,13574,492,34,7425.92
2025-08-18,Egypt,Influencer,824,697,32.9%,141,1557,81,8,1760.2
2025-08-18,Egypt,Organic Search,19488,16251,33.2%,120,37735,1662,206,45660.59
2025-08-18,Egypt,Direct,16643,12345,32.2%,152,33886,1215,191,42940.92
2025-08-25,Egypt,Paid Search,49979,38852,51.0%,163,123574,4624,169,36595.0
2025-08-25,Egypt,Paid Social,104083,88889,51.7%,157,153257,6481,295,62267.64
2025-08-25,Egypt,Video,19965,16776,59.1%,68,46441,1910,74,15681.84
2025-08-25,Egypt,Display,5253,4337,54.3%,137,8296,574,32,6884.06
2025-08-25,Egypt,Influencer,1046,866,33.2%,87,1565,106,13,2846.34
2025-08-25,Egypt,Organic Search,20474,14802,39.7%,99,29541,1918,284,59549.16
2025-08-25,Egypt,Direct,14583,10521,43.3%,147,35435,1628,186,38310.54
2025-09-01,Egypt,Paid Search,36377,29336,59.6%,77,80570,2434,106,22139.98
2025-09-01,Egypt,Paid Social,96277,77600,56.1%,145,247324,7478,701,136158.28
2025-09-01,Egypt,Video,19239,15870,53.0%,190,46841,2162,87,17458.41
2025-09-01,Egypt,Display,4583,3711,51.6%,152,7167,470,14,2972.85
2025-09-01,Egypt,Influencer,839,616,33.7%,65,1462,59,10,2193.14
2025-09-01,Egypt,Organic Search,18193,13258,35.6%,112,26020,1299,163,33666.16
2025-09-01,Egypt,Direct,16146,12967,31.6%,204,37542,991,237,49878.82
2025-09-08,Egypt,Paid Search,49143,36661,61.8%,62,118855,3555,212,45835.98
2025-09-08,Egypt,Paid Social,90660,74327,56.1%,86,165354,8040,640,134117.49
2025-09-08,Egypt,Video,20266,16269,61.4%,167,33058,1313,88,19560.8
2025-09-08,Egypt,Display,4804,3785,56.7%,59,10023,398,22,4501.3
2025-09-08,Egypt,Influencer,804,673,35.9%,125,1201,42,11,2425.14
2025-09-08,Egypt,Organic Search,20042,15823,32.5%,87,41546,1011,252,52535.82
2025-09-08,Egypt,Direct,15489,12473,39.2%,196,40005,1005,181,36106.65
2025-09-15,Egypt,Paid Search,68671,56809,48.6%,123,97077,6149,302,65781.11
2025-09-15,Egypt,Paid Social,94141,73843,55.9%,97,220812,5577,281,64885.15
2025-09-15,Egypt,Video,15578,12133,50.6%,166,37860,1055,48,10541.04
2025-09-15,Egypt,Display,4010,3149,49.9%,165,7764,453,12,2642.62
2025-09-15,Egypt,Influencer,342,260,34.5%,96,784,26,4,851.93
2025-09-15,Egypt,Organic Search,19869,14548,34.8%,97,42990,1394,272,54475.21
2025-09-15,Egypt,Direct,17641,14485,32.2%,137,43870,1606,222,49175.23
2025-09-22,Egypt,Paid Search,44730,37673,53.4%,68,85229,3681,136,30173.09
2025-09-22,Egypt,Paid Social,88930,72370,50.7%,128,174906,9566,380,71282.23
2025-09-22,Egypt,Video,17015,14051,55.0%,174,24578,991,118,26223.88
2025-09-22,Egypt,Display,5051,4029,49.0%,206,11624,288,20,4272.29
2025-09-22,Egypt,Influencer,1121,890,34.0%,170,2237,97,13,2715.99
2025-09-22,Egypt,Organic Search,20611,17348,41.0%,62,52706,1161,180,36237.32
2025-09-22,Egypt,Direct,18068,14528,42.6%,168,39942,1085,185,39386.71
2025-09-29,Egypt,Paid Search,48723,38050,54.6%,146,92805,5193,177,35789.45
2025-09-29,Egypt,Paid Social,93194,75337,55.8%,85,151861,7666,317,72110.37
2025-09-29,Egypt,Video,14417,10640,51.8%,164,35699,1222,63,13409.79
2025-09-29,Egypt,Display,5052,3704,53.3%,172,12984,596,24,5145.72
2025-09-29,Egypt,Influencer,616,452,33.1%,82,1585,37,5,1071.52
2025-09-29,Egypt,Organic Search,18391,15544,42.2%,107,42594,2090,261,54628.22
2025-09-29,Egypt,Direct,18930,15011,31.8%,86,30814,1511,212,43581.1
2025-10-06,Egypt,Paid Search,43714,34216,53.9%,112,82752,2961,223,46954.47
2025-10-06,Egypt,Paid Social,98323,75720,48.4%,89,172224,7854,411,91378.32
2025-10-06,Egypt,Video,19533,14419,53.8%,178,37665,1855,143,30054.59
2025-10-06,Egypt,Display,5390,3938,61.1%,168,11666,353,39,8506.76
2025-10-06,Egypt,Influencer,343,253,42.9%,130,828,38,4,963.61
2025-10-06,Egypt,Organic Search,20211,16634,31.5%,138,43902,2201,173,36947.97
2025-10-06,Egypt,Direct,17550,12815,34.8%,180,31358,1743,185,38814.51
2025-10-13,Egypt,Paid Search,36350,27288,54.9%,179,60116,3438,175,35472.69
2025-10-13,Egypt,Paid Social,110754,87867,54.4%,129,167360,12999,685,141712.01
2025-10-13,Egypt,Video,16603,12491,59.7%,176,39419,1252,56,12882.59
2025-10-13,Egypt,Display,4654,3639,50.1%,121,10990,412,19,4051.31
2025-10-13,Egypt,Influencer,1191,916,41.3%,163,2493,118,13,2781.86
2025-10-13,Egypt,Organic Search,21965,17750,35.9%,62,40675,2338,318,60532.86
2025-10-13,Egypt,Direct,16643,13381,40.2%,196,28445,1948,157,30928.78
2025-10-20,Egypt,Paid Search,63424,47967,50.9%,186,96127,6069,459,99048.13
2025-10-20,Egypt,Paid Social,90576,75303,48.2%,164,234028,6303,284,57010.28
2025-10-20,Egypt,Video,21511,15907,50.9%,66,47225,2083,156,30901.68
2025-10-20,Egypt,Display,3646,2804,48.9%,134,8873,421,18,3910.48
2025-10-20,Egypt,Influencer,198,170,42.2%,104,285,10,1,385.08
2025-10-20,Egypt,Organic Search,20653,15115,39.8%,139,40849,1220,228,45719.18
2025-10-20,Egypt,Direct,16738,12640,39.4%,93,35222,878,233,49023.89
2025-10-27,Egypt,Paid Search,56117,46038,55.3%,71,126508,5227,262,56073.3
2025-10-27,Egypt,Paid Social,115461,83767,61.6%,137,178694,12587,657,136251.56
2025-10-27,Egypt,Video,18649,13727,52.2%,99,27453,1161,97,19074.61
2025-10-27,Egypt,Display,4335,3350,59.4%,165,10609,407,19,4102.39
2025-10-27,Egypt,Influencer,1041,842,43.6%,173,2204,59,14,2998.68
2025-10-27,Egypt,Organic Search,21301,16834,39.1%,120,52598,2374,329,66343.93
2025-10-27,Egypt,Direct,18738,13493,40.4%,64,37025,1274,161,34744.75
2025-11-03,Egypt,Paid Search,44705,33397,55.7%,77,113097,5026,180,35646.26
2025-11-03,Egypt,Paid Social,108119,90619,51.5%,157,242001,12407,670,135975.49
2025-11-03,Egypt,Video,18613,13889,52.2%,202,47182,1285,122,27615.13
2025-11-03,Egypt,Display,4406,3565,53.8%,65,11324,226,17,4088.93
2025-11-03,Egypt,Influencer,192,138,41.9%,191,453,14,1,399.13
2025-11-03,Egypt,Organic Search,21442,16158,32.1%,174,48422,2048,327,65016.88
2025-11-03,Egypt,Direct,17036,13277,35.7%,128,25778,914,255,55920.43
2025-11-10,Egypt,Paid Search,44034,33234,49.7%,202,97691,4686,202,43099.29
2025-11-10,Egypt,Paid Social,100295,78936,60.0%,204,202709,9125,527,116418.58
2025-11-10,Egypt,Video,22864,17721,50.9%,79,42618,2415,85,18312.54
2025-11-10,Egypt,Display,4247,3127,54.2%,155,7014,494,17,3698.08
2025-11-10,Egypt,Influencer,549,458,43.0%,122,1410,57,4,1007.84
2025-11-10,Egypt,Organic Search,20525,15823,31.2%,121,48075,1140,277,55628.93
2025-11-10,Egypt,Direct,18103,13675,38.9%,85,35897,1751,191,41714.81
2025-11-17,Egypt,Paid Search,94068,78712,59.4%,172,152655,9347,423,97503.33
2025-11-17,Egypt,Paid Social,211115,171278,62.1%,133,456071,21819,644,130705.09
2025-11-17,Egypt,Video,33766,27350,53.7%,115,47331,2548,225,45694.15
2025-11-17,Egypt,Display,9757,7800,58.9%,109,22091,803,39,7713.5
2025-11-17,Egypt,Influencer,1717,1262,38.1%,97,2431,192,26,5439.11
2025-11-17,Egypt,Organic Search,19078,14569,38.8%,104,47325,1253,181,38423.12
2025-11-17,Egypt,Direct,15447,12946,33.6%,92,27477,1138,214,45147.82
2025-11-24,Egypt,Paid Search,108975,89469,54.3%,188,190702,7186,808,169833.87
2025-11-24,Egypt,Paid Social,252905,183423,58.5%,165,575231,28597,1719,351603.93
2025-11-24,Egypt,Video,47149,35515,53.9%,164,93029,3486,149,27526.13
2025-11-24,Egypt,Display,11634,8713,49.5%,129,29547,910,77,16095.79
2025-11-24,Egypt,Influencer,1251,916,42.9%,197,2380,149,12,2617.3
2025-11-24,Egypt,Organic Search,19613,16200,38.4%,113,39919,1767,314,69517.64
2025-11-24,Egypt,Direct,15782,11636,40.9%,128,25568,1186,235,47614.74
2025-12-01,Egypt,Paid Search,84747,68736,59.4%,134,216730,8758,412,88758.16
2025-12-01,Egypt,Paid Social,145800,118891,57.1%,162,356657,13236,586,121180.76
2025-12-01,Egypt,Video,36798,31529,60.6%,180,86984,2322,114,22751.21
2025-12-01,Egypt,Display,7494,6346,57.7%,60,15601,519,44,9281.94
2025-12-01,Egypt,Influencer,879,683,37.8%,186,1946,105,9,2037.32
2025-12-01,Egypt,Organic Search,20377,15657,43.9%,69,29629,1380,312,64551.99
2025-12-01,Egypt,Direct,16234,13147,33.3%,179,22899,1530,184,38435.53
2025-12-08,Egypt,Paid Search,48047,35532,51.5%,121,91728,3799,209,44383.08
2025-12-08,Egypt,Paid Social,106696,80303,48.3%,111,230685,7700,336,70887.4
2025-12-08,Egypt,Video,17462,13068,58.1%,118,39476,1491,96,19471.57
2025-12-08,Egypt,Display,5034,3820,55.1%,140,12251,351,29,6072.48
2025-12-08,Egypt,Influencer,1155,852,34.2%,117,2964,132,10,2077.88
2025-12-08,Egypt,Organic Search,22083,16239,34.3%,157,32703,2310,354,74126.11
2025-12-08,Egypt,Direct,17974,14793,33.2%,64,35093,1855,160,35011.89
2025-12-15,Egypt,Paid Search,66856,52831,52.8%,180,120093,3461,220,42155.51
2025-12-15,Egypt,Paid Social,164125,124670,61.8%,76,278640,15046,944,192642.06
2025-12-15,Egypt,Video,24135,18253,62.5%,128,54046,1612,113,23649.16
2025-12-15,Egypt,Display,7209,6137,52.4%,85,15581,608,36,7764.15
2025-12-15,Egypt,Influencer,1157,934,35.4%,177,2497,97,12,2517.0
2025-12-15,Egypt,Organic Search,21102,16487,31.0%,131,50571,2264,252,54242.86
2025-12-15,Egypt,Direct,16517,11986,35.3%,130,26660,1045,169,34014.12
2025-12-22,Egypt,Paid Search,73433,55935,57.4%,188,136708,8359,448,97788.13
2025-12-22,Egypt,Paid Social,130234,105062,52.3%,166,314966,9234,589,128061.92
2025-12-22,Egypt,Video,27763,22069,49.9%,141,47384,2938,127,28348.87
2025-12-22,Egypt,Display,7647,5651,52.1%,81,13122,832,33,7002.58
2025-12-22,Egypt,Influencer,200,154,42.9%,90,468,18,2,527.95
2025-12-22,Egypt,Organic Search,21454,17421,37.5%,61,45073,1850,325,65319.81
2025-12-22,Egypt,Direct,15635,12635,40.3%,102,38026,1694,216,46268.65
2025-12-29,Egypt,Paid Search,66346,56199,62.2%,194,128508,6789,431,86016.96
2025-12-29,Egypt,Paid Social,119530,87457,49.9%,105,261985,8049,627,138026.08
2025-12-29,Egypt,Video,21841,18143,59.2%,174,52309,1775,139,31057.77
2025-12-29,Egypt,Display,7931,5976,52.5%,130,14202,783,29,6465.5
2025-12-29,Egypt,Influencer,61,48,34.2%,153,120,6,0,115.93
2025-12-29,Egypt,Organic Search,20393,17369,42.5%,91,49906,2007,231,48205.85
2025-12-29,Egypt,Direct,16033,13744,41.5%,73,29481,935,189,38987.79
2026-01-05,Egypt,Paid Search,44165,34733,55.0%,174,93631,2389,153,32906.28
2026-01-05,Egypt,Paid Social,105408,79311,51.4%,100,255892,11687,702,155717.59
2026-01-05,Egypt,Video,19028,16354,58.6%,112,28080,1801,60,12549.86
2026-01-05,Egypt,Display,4197,3026,61.0%,194,8581,451,30,6313.17
2026-01-05,Egypt,Influencer,266,214,42.3%,106,458,26,2,632.75
2026-01-05,Egypt,Organic Search,21081,17982,42.9%,92,36209,1177,311,63612.67
2026-01-05,Egypt,Direct,17656,13664,36.4%,187,32172,1116,157,32756.17
2026-01-12,Egypt,Paid Search,39298,28955,49.7%,86,101966,2400,164,35368.15
2026-01-12,Egypt,Paid Social,105745,85698,48.3%,200,176757,6702,687,148138.88
2026-01-12,Egypt,Video,17923,14296,61.8%,161,32645,1362,126,26193.29
2026-01-12,Egypt,Display,4753,3727,60.7%,90,7199,535,22,4875.21
2026-01-12,Egypt,Influencer,602,437,37.0%,169,1052,48,8,1923.13
2026-01-12,Egypt,Organic Search,20163,14742,33.6%,78,37291,1996,193,41708.27
2026-01-12,Egypt,Direct,16878,12904,40.0%,196,33428,1092,225,45907.35
2026-01-19,Egypt,Paid Search,32603,25334,53.0%,97,54926,2406,194,40249.64
2026-01-19,Egypt,Paid Social,60437,44570,52.5%,153,147046,4843,256,51195.6
2026-01-19,Egypt,Video,11010,8141,58.6%,118,17759,1246,78,16020.04
2026-01-19,Egypt,Display,2893,2330,60.9%,151,5671,324,10,2166.57
2026-01-19,Egypt,Influencer,3132,2352,40.3%,167,5131,305,42,9100.15
2026-01-19,Egypt,Organic Search,20367,15721,37.5%,119,33259,1665,253,51992.58
2026-01-19,Egypt,Direct,18412,13403,41.2%,68,29352,1803,208,46928.89
2026-01-26,Egypt,Paid Search,29183,23315,57.0%,102,56819,1500,178,38161.79
2026-01-26,Egypt,Paid Social,55324,41164,54.3%,70,123723,4575,411,87787.54
2026-01-26,Egypt,Video,11977,10251,52.5%,62,28603,1266,83,18634.5
2026-01-26,Egypt,Display,3199,2526,50.1%,163,7203,307,15,3438.39
2026-01-26,Egypt,Influencer,1021,845,38.0%,96,1522,98,12,2625.71
2026-01-26,Egypt,Organic Search,21277,17822,32.8%,86,30801,1385,206,43131.45
2026-01-26,Egypt,Direct,16997,14254,39.5%,74,41306,1280,212,45081.2
2026-02-02,Egypt,Paid Search,30603,25469,60.3%,194,67967,2227,98,20982.6
2026-02-02,Egypt,Paid Social,52907,43569,57.1%,153,136752,5853,257,53880.04
2026-02-02,Egypt,Video,10417,8561,60.2%,167,16092,745,51,10864.69
2026-02-02,Egypt,Display,2851,2222,57.0%,178,5418,193,10,2287.79
2026-02-02,Egypt,Influencer,2260,1667,39.9%,187,4248,137,34,6968.43
2026-02-02,Egypt,Organic Search,20184,15151,32.3%,146,48439,1532,308,62624.08
2026-02-02,Egypt,Direct,19355,14272,40.8%,137,42369,2059,263,58194.88
2026-02-09,Egypt,Paid Search,31665,26572,58.9%,146,75056,3437,120,26358.53
2026-02-09,Egypt,Paid Social,62181,51987,50.8%,151,114803,3621,327,69628.09
2026-02-09,Egypt,Video,11354,8339,57.9%,121,28608,1294,59,12681.33
2026-02-09,Egypt,Display,2537,1983,55.2%,173,5691,212,15,3434.86
2026-02-09,Egypt,Influencer,1677,1331,40.5%,120,4353,117,24,5006.47
2026-02-09,Egypt,Organic Search,20968,17052,42.4%,72,47783,2227,271,56097.61
2026-02-09,Egypt,Direct,17368,13528,43.9%,140,26916,897,249,52751.43
2026-02-16,Egypt,Paid Search,28509,21392,62.8%,193,40294,2540,121,25930.44
2026-02-16,Egypt,Paid Social,56082,42357,53.0%,142,96147,6105,307,63504.04
2026-02-16,Egypt,Video,11409,8256,56.2%,108,16196,997,53,11167.2
2026-02-16,Egypt,Display,3287,2691,57.0%,169,6776,264,10,2109.92
2026-02-16,Egypt,Influencer,1807,1527,32.5%,74,2759,107,17,3701.88
2026-02-16,Egypt,Organic Search,17586,14283,43.6%,159,45255,1753,180,39788.01
2026-02-16,Egypt,Direct,16774,13128,31.4%,171,26857,1095,260,59054.38
2026-02-23,Egypt,Paid Search,37744,27932,50.1%,89,83445,3378,204,43333.33
2026-02-23,Egypt,Paid Social,76328,61646,61.5%,202,170211,4474,559,124220.5
2026-02-23,Egypt,Video,13790,9989,62.8%,63,24568,1433,81,17742.78
2026-02-23,Egypt,Display,4313,3653,55.2%,58,10479,406,21,4474.64
2026-02-23,Egypt,Influencer,1143,856,32.9%,69,2610,92,11,2372.76
2026-02-23,Egypt,Organic Search,20885,16504,36.1%,172,41609,2408,257,56288.99
2026-02-23,Egypt,Direct,15639,11486,35.1%,92,28437,929,182,38522.17
2026-03-02,Egypt,Paid Search,81720,64576,54.0%,74,186905,6521,532,110682.39
2026-03-02,Egypt,Paid Social,163805,133216,55.7%,180,422551,17588,1068,213286.83
2026-03-02,Egypt,Video,32956,27301,51.2%,86,52382,3246,115,24257.11
2026-03-02,Egypt,Display,7716,6563,57.1%,104,12433,483,26,5415.69
2026-03-02,Egypt,Influencer,1200,1001,40.2%,180,2213,88,12,2730.74
2026-03-02,Egypt,Organic Search,19866,16073,35.4%,94,42192,1524,232,49781.23
2026-03-02,Egypt,Direct,16432,12302,38.5%,79,28477,1155,197,41425.56
2026-03-09,Egypt,Paid Search,72831,59374,48.6%,77,179127,4791,299,60035.74
2026-03-09,Egypt,Paid Social,141829,111154,55.9%,145,257586,7543,781,176929.12
2026-03-09,Egypt,Video,21373,17788,58.6%,74,48558,1640,72,15054.03
2026-03-09,Egypt,Display,6652,4894,57.3%,155,15120,681,40,8388.63
2026-03-09,Egypt,Influencer,1645,1354,35.4%,70,2991,143,17,3564.32
2026-03-09,Egypt,Organic Search,20621,17563,31.4%,79,39329,2084,296,64627.06
2026-03-09,Egypt,Direct,17450,14905,37.4%,71,28463,1657,164,35746.48
2026-03-16,Egypt,Paid Search,65096,54895,57.2%,179,99643,4444,402,82887.19
2026-03-16,Egypt,Paid Social,120610,103666,54.1%,131,272788,7719,603,123863.62
2026-03-16,Egypt,Video,22903,18426,51.5%,209,46799,1943,155,31653.57
2026-03-16,Egypt,Display,6566,4930,55.0%,89,16204,414,37,8147.17
2026-03-16,Egypt,Influencer,935,718,43.5%,58,1995,109,10,2202.64
2026-03-16,Egypt,Organic Search,20059,15392,39.2%,82,39344,1270,310,62763.17
2026-03-16,Egypt,Direct,16702,13796,40.0%,76,27633,1925,175,35117.14
2026-03-23,Egypt,Paid Search,61055,48207,55.2%,209,92621,4994,276,60353.84
2026-03-23,Egypt,Paid Social,113590,85844,61.9%,175,259629,7786,694,149535.84
2026-03-23,Egypt,Video,22007,16753,54.2%,159,31508,1526,122,26544.41
2026-03-23,Egypt,Display,6955,5441,59.9%,193,14690,382,37,8290.04
2026-03-23,Egypt,Influencer,1117,877,41.2%,135,2100,60,15,3234.63
2026-03-23,Egypt,Organic Search,20481,17084,39.4%,161,38732,1291,204,45388.8
2026-03-23,Egypt,Direct,15767,13494,42.5%,146,38917,1196,160,32272.09
2026-03-30,Egypt,Paid Search,38776,28260,55.9%,138,82822,4065,142,31949.41
2026-03-30,Egypt,Paid Social,85143,64768,50.1%,136,186106,4615,293,64875.15
2026-03-30,Egypt,Video,14729,10860,59.7%,98,25929,906,59,13067.07
2026-03-30,Egypt,Display,4374,3355,51.9%,126,6461,519,19,4124.84
2026-03-30,Egypt,Influencer,1447,1237,38.7%,207,2107,159,12,2732.4
2026-03-30,Egypt,Organic Search,21156,15960,39.0%,131,51028,1210,241,50367.86
2026-03-30,Egypt,Direct,17569,14265,38.4%,193,43029,1395,210,43368.12
2026-04-06,Egypt,Paid Search,41359,30940,54.9%,87,74556,4658,274,57630.28
2026-04-06,Egypt,Paid Social,86619,74264,53.1%,159,194141,6599,514,107812.44
2026-04-06,Egypt,Video,16848,13530,53.4%,139,36439,1834,71,14990.28
2026-04-06,Egypt,Display,4037,3087,59.2%,128,9187,280,27,5649.52
2026-04-06,Egypt,Influencer,976,739,31.7%,61,2209,110,14,2884.31
2026-04-06,Egypt,Organic Search,22218,17822,33.7%,83,43149,2060,302,62791.19
2026-04-06,Egypt,Direct,17055,14294,42.8%,199,24353,2032,167,36631.45
2026-04-13,Egypt,Paid Search,45455,32868,52.9%,105,110403,2962,236,50291.85
2026-04-13,Egypt,Paid Social,77937,64944,53.2%,155,177394,6236,255,57997.29
2026-04-13,Egypt,Video,14738,11681,58.8%,200,26943,1040,50,10011.69
2026-04-13,Egypt,Display,4351,3165,50.2%,175,9817,252,14,2814.04
2026-04-13,Egypt,Organic Search,20738,16042,31.8%,170,38868,1959,337,68560.9
2026-04-13,Egypt,Direct,18495,15456,37.0%,183,30251,1836,275,60222.14
2026-04-20,Egypt,Paid Search,37925,30392,57.9%,177,96236,3916,188,41673.37
2026-04-20,Egypt,Paid Social,78491,57158,60.0%,65,140638,6786,421,89406.86
2026-04-20,Egypt,Video,18742,15234,48.4%,74,27810,2179,121,25113.87
2026-04-20,Egypt,Display,4452,3444,52.0%,157,7512,415,20,4293.15
2026-04-20,Egypt,Influencer,363,304,36.8%,95,839,26,4,972.96
2026-04-20,Egypt,Organic Search,19476,15689,32.9%,163,27687,1432,264,59775.36
2026-04-20,Egypt,Direct,15129,12735,36.0%,195,22269,1033,135,30438.44
2026-04-27,Egypt,Paid Search,38142,31933,59.2%,147,93172,3551,153,33986.51
2026-04-27,Egypt,Paid Social,75542,54872,48.2%,176,111564,5739,341,68218.76
2026-04-27,Egypt,Video,14707,11070,50.9%,67,30772,1646,48,10103.14
2026-04-27,Egypt,Display,3605,2744,52.8%,142,6656,407,16,3306.99
2026-04-27,Egypt,Influencer,608,501,43.3%,156,1248,38,6,1270.46
2026-04-27,Egypt,Organic Search,20238,15159,38.7%,59,45065,2028,284,59784.44
2026-04-27,Egypt,Direct,17188,13941,36.9%,182,27428,1031,232,52491.42
2026-05-04,Egypt,Paid Search,39957,28817,50.1%,60,99042,4735,262,47783.02
2026-05-04,Egypt,Paid Social,72326,61638,52.5%,96,182588,5263,531,109722.44
2026-05-04,Egypt,Video,18835,14114,50.2%,98,33408,1007,120,25575.81
2026-05-04,Egypt,Display,5570,4682,56.6%,151,12479,427,25,5545.23
2026-05-04,Egypt,Influencer,573,471,37.6%,102,873,46,6,1350.73
2026-05-04,Egypt,Organic Search,20952,15894,38.7%,72,46126,1877,310,61629.9
2026-05-04,Egypt,Direct,17535,13973,40.9%,133,41698,2060,219,47348.31
2026-05-11,Egypt,Paid Search,30143,23254,54.1%,100,55444,2320,147,31218.48
2026-05-11,Egypt,Paid Social,73509,62028,48.9%,157,188952,6963,473,94502.03
2026-05-11,Egypt,Video,14948,11366,56.8%,83,21847,819,95,19333.95
2026-05-11,Egypt,Display,4020,3270,50.3%,104,9288,384,18,3688.94
2026-05-11,Egypt,Influencer,403,319,32.5%,113,617,24,6,1322.55
2026-05-11,Egypt,Organic Search,20539,17301,41.2%,135,40516,1309,250,50945.08
2026-05-11,Egypt,Direct,18116,15347,43.0%,92,44316,1116,219,44719.38
2026-05-18,Egypt,Paid Search,34345,26307,61.3%,170,59125,3877,205,46295.33
2026-05-18,Egypt,Paid Social,77697,62457,58.5%,155,192993,4919,552,117418.59
2026-05-18,Egypt,Video,13558,11108,50.3%,83,23509,858,100,20466.12
2026-05-18,Egypt,Display,4358,3639,48.0%,176,9027,293,17,3807.0
2026-05-18,Egypt,Influencer,306,233,41.4%,105,782,36,4,1048.49
2026-05-18,Egypt,Organic Search,21525,15686,40.9%,196,42462,1391,298,60974.35
2026-05-18,Egypt,Direct,16438,12277,36.2%,58,33886,1755,228,46214.33
2026-05-25,Egypt,Paid Search,34471,28909,59.1%,167,84207,2633,131,26928.71
2026-05-25,Egypt,Paid Social,88453,70096,61.3%,159,148704,8850,396,83571.57
2026-05-25,Egypt,Video,17412,14961,59.1%,118,30454,1652,60,12864.12
2026-05-25,Egypt,Display,4629,3758,55.0%,99,8835,347,28,5955.66
2026-05-25,Egypt,Organic Search,20518,16718,33.8%,146,30198,1034,188,39397.03
2026-05-25,Egypt,Direct,15983,11652,37.3%,132,40381,1821,201,41760.93
2026-06-01,Egypt,Paid Search,29722,23522,51.4%,95,45320,2392,206,43162.43
2026-06-01,Egypt,Paid Social,55190,42879,59.7%,71,126360,3808,219,45533.8
2026-06-01,Egypt,Video,16620,13838,60.5%,202,42232,982,72,15053.9
2026-06-01,Egypt,Display,3835,2960,53.5%,189,7606,261,13,2829.1
2026-06-01,Egypt,Influencer,296,233,41.3%,184,750,33,4,951.27
2026-06-01,Egypt,Organic Search,21176,16780,40.4%,179,32101,1284,249,50666.53
2026-06-01,Egypt,Direct,18802,14566,37.9%,151,38257,1273,206,41847.74
2026-06-08,Egypt,Paid Search,43080,36789,48.7%,110,98471,4890,168,34026.57
2026-06-08,Egypt,Paid Social,94684,73322,59.7%,137,245487,5191,494,101381.38
2026-06-08,Egypt,Video,22937,17715,52.1%,142,48090,1726,79,17907.42
2026-06-08,Egypt,Display,6374,4885,56.3%,136,14502,568,18,3741.17
2026-06-08,Egypt,Influencer,360,281,33.9%,117,747,19,3,636.41
2026-06-08,Egypt,Organic Search,18876,13904,33.2%,197,38807,1764,276,57007.1
2026-06-08,Egypt,Direct,16904,12185,38.8%,111,26840,1056,161,33684.01
2026-06-15,Egypt,Paid Search,38601,32174,59.3%,194,56330,3338,227,47314.39
2026-06-15,Egypt,Paid Social,97167,81737,51.7%,151,202847,5928,629,133588.25
2026-06-15,Egypt,Video,19954,16008,57.1%,176,43063,1742,122,26201.58
2026-06-15,Egypt,Display,5750,4372,62.8%,177,14038,319,26,5505.53
2026-06-15,Egypt,Influencer,163,120,35.4%,105,357,10,1,381.9
2026-06-15,Egypt,Organic Search,18269,15264,41.1%,103,27086,2137,214,43523.88
2026-06-15,Egypt,Direct,15889,11957,31.9%,94,30962,1066,248,50799.61
2026-06-22,Egypt,Paid Search,42821,32352,53.2%,189,101422,2204,253,50536.84
2026-06-22,Egypt,Paid Social,95449,72229,53.5%,121,218761,8386,292,62434.43
2026-06-22,Egypt,Video,26037,21689,61.1%,76,61393,2015,133,28875.23
2026-06-22,Egypt,Display,5970,4524,61.3%,85,9332,551,42,9004.35
2026-06-22,Egypt,Influencer,330,272,38.9%,71,784,16,3,643.77
2026-06-22,Egypt,Organic Search,21221,17978,32.0%,175,50134,2426,181,38443.92
2026-06-22,Egypt,Direct,17393,13199,34.8%,201,34390,1532,157,31842.75
2026-06-29,Egypt,Paid Search,41041,34737,60.4%,76,96725,2868,281,57924.56
2026-06-29,Egypt,Paid Social,106036,88939,56.3%,173,153400,8028,362,78623.99
2026-06-29,Egypt,Video,20102,16969,60.8%,155,46655,2119,142,31083.52
2026-06-29,Egypt,Display,5596,4588,57.8%,116,13767,604,31,6844.09
2026-06-29,Egypt,Influencer,809,643,37.3%,159,1770,87,9,2087.62
2026-06-29,Egypt,Organic Search,21154,17356,36.3%,133,40322,1643,265,53912.4
2026-06-29,Egypt,Direct,16956,13487,38.8%,96,37479,977,206,40738.61
2026-07-06,Egypt,Paid Search,43516,37308,55.8%,175,72006,2532,274,59349.62
2026-07-06,Egypt,Paid Social,104984,89503,57.4%,123,251128,5644,406,77355.86
2026-07-06,Egypt,Video,22002,18846,62.8%,187,51185,2050,68,14699.11
2026-07-06,Egypt,Display,5742,4619,61.2%,135,10807,438,25,4939.24
2026-07-06,Egypt,Influencer,371,272,33.1%,206,952,32,5,1121.67
2026-07-06,Egypt,Organic Search,21504,16774,40.5%,130,53190,2557,341,65264.01
2026-07-06,Egypt,Direct,17482,12613,42.3%,138,42172,1340,154,30938.7
2026-07-13,Egypt,Paid Search,46962,33954,58.5%,161,112449,3025,197,41953.34
2026-07-13,Egypt,Paid Social,97838,81862,61.1%,193,206765,9725,499,107932.78
2026-07-13,Egypt,Video,23629,20022,59.7%,157,42251,1597,158,31720.59
2026-07-13,Egypt,Display,6428,5061,58.3%,148,9905,341,24,5244.24
2026-07-13,Egypt,Influencer,530,431,41.3%,80,849,59,5,1082.7
2026-07-13,Egypt,Organic Search,22200,17812,35.5%,183,47028,1646,220,47333.78
2026-07-13,Egypt,Direct,16926,13639,34.9%,150,25589,1777,214,43983.73
2026-07-20,Egypt,Paid Search,31212,25954,53.3%,123,58620,1750,201,42160.48
2026-07-20,Egypt,Paid Social,80062,60401,56.3%,91,149285,4810,519,102488.77
2026-07-20,Egypt,Video,17862,13506,61.7%,199,32233,1859,114,26375.06
2026-07-20,Egypt,Display,4588,3306,60.0%,112,9828,249,27,5612.81
2026-07-20,Egypt,Influencer,521,404,33.4%,114,1098,33,8,1596.49
2026-07-20,Egypt,Organic Search,22050,17490,37.0%,86,55306,1394,270,59026.15
2026-07-20,Egypt,Direct,18316,14465,36.9%,189,36023,973,267,54412.45
2026-07-27,Egypt,Paid Search,30903,23409,56.0%,67,51899,3516,127,27438.28
2026-07-27,Egypt,Paid Social,72959,59848,51.5%,75,168024,3991,460,104879.28
2026-07-27,Egypt,Video,15824,11421,60.3%,102,23665,1775,51,11446.15
2026-07-27,Egypt,Display,4840,3960,52.3%,61,6954,317,29,6418.77
2026-07-27,Egypt,Influencer,796,590,39.9%,85,1125,83,9,1873.99
2026-07-27,Egypt,Organic Search,21295,17195,35.2%,203,46506,1931,246,56807.5
2026-07-27,Egypt,Direct,16698,14122,38.6%,125,32324,1218,200,43316.55
2026-02-02,Egypt,Video,10417,8561,60.2%,167,16092,745,51,10864.69
2026-01-19,UAE,Direct,20931,17655,34.7%,179,41910,1807,286,191088.17
2025-09-29,KSA,Paid Search,179290,132316,48.6%,61,360955,19206,815,622809.28
2025-11-24,UAE,Influencer,1274,1075,36.6%,204,2234,80,13,8558.45
2026-03-23,UAE,Video,53105,38647,51.7%,145,80377,2756,241,153347.92
2025-09-08,KSA,Paid Search,180169,136533,58.4%,174,414696,13430,962,666745.86
2025-09-08,UAE,Display,11184,8979,59.5%,203,26314,1151,35,24178.09
2025-10-13,Egypt,Paid Social,110754,87867,54.4%,129,167360,12999,685,141712.01
2026-03-30,KSA,Video,47365,34898,61.3%,159,69266,4630,288,195851.22
2025-11-10,Egypt,Paid Search,44034,33234,49.7%,202,97691,4686,202,43099.29
2025-12-08,KSA,Organic Search,41001,30601,32.4%,179,71021,2135,639,428258.59
2025-12-08,KSA,Direct,31642,24594,31.9%,170,66865,2632,505,360406.0
