week,market,channel,spend_aed,impressions,clicks,conversions,sales_aed,tv_grp,engagement_rate,sessions,pr_mentions,pr_share_of_voice,products_active,media_type,channel_role,revenue_attributed,cpm_aed,cpc_aed,ctr,cvr,cpa_aed,roas,aov_aed,cost_per_grp_aed
1,SEEG,Influencer,23465.0,,,63.0,26470.0,,3.8549999999999995,,,,4,paid,response,True,,,,,372.46031746031747,1.1280630726614107,420.1587301587302,
1,SEEG,PR,0.0,,,,,,,,191.0,33.95,4,earned,brand,False,,,,,,,,
1,SEEG,Paid Social,89434.0,2418114.0,28623.0,2735.0,664449.0,,1.24,,,,6,paid,response,True,36.98502221152518,3.124550186912623,0.011836910914870019,0.09555252768752402,32.69981718464351,7.429489903168817,242.94296160877514,
1,SEEG,Search,56900.0,1471695.0,24757.0,3405.0,1430038.0,,1.72,,,,3,paid,response,True,38.662902299729225,2.298339863472957,0.01682209968777498,0.13753685826230966,16.71071953010279,25.132478031634445,419.98179148311306,
1,SEEG,TV,159177.0,,,,,1636.0,,,,,3,paid,brand,False,,,,,,,,97.29645476772616
1,SEEG,Website,,,,3340.0,1155936.0,,,247305.0,,,3,earned,owned,True,,,,,,,346.08862275449104,
1,SEIL,Influencer,18743.0,,,119.0,41288.0,,4.245,,,,4,paid,response,True,,,,,157.50420168067228,2.2028490636504294,346.9579831932773,
1,SEIL,PR,0.0,,,,,,,,299.0,28.275,4,earned,brand,False,,,,,,,,
1,SEIL,Paid Social,65761.0,2466276.0,23838.0,1779.0,377406.0,,1.2066666666666668,,,,6,paid,response,True,26.664087879864216,2.758662639483178,0.009665584873712432,0.07462874402214952,36.96514896008994,5.73905506303128,212.1450252951096,
1,SEIL,Search,84036.0,1624681.0,26987.0,2770.0,976841.0,,1.67,,,,3,paid,response,True,51.72461547836159,3.113943750694779,0.016610645412853352,0.10264201282098788,30.337906137184117,11.624077776191156,352.65018050541516,
1,SEIL,TV,220352.0,,,,,2137.0,,,,,3,paid,brand,False,,,,,,,,103.1127749181095
1,SEIL,Website,,,,4406.0,1521288.0,,,323811.0,,,3,earned,owned,True,,,,,,,345.2764412165229,
1,SELV,Influencer,28166.0,,,91.0,31303.0,,4.0825,,,,4,paid,response,True,,,,,309.5164835164835,1.111375417169637,343.989010989011,
1,SELV,PR,0.0,,,,,,,,237.0,29.925,4,earned,brand,False,,,,,,,,
1,SELV,Paid Social,82832.0,2990153.0,31777.0,2925.0,1029484.0,,1.03,,,,6,paid,response,True,27.70159252720513,2.6066651980992543,0.010627215396670338,0.09204770746137143,28.31863247863248,12.428578327216535,351.9603418803419,
1,SELV,Search,72039.0,1768832.0,28204.0,4145.0,1592812.0,,1.5733333333333333,,,,3,paid,response,True,40.726875135682754,2.5542121684867394,0.01594498516535205,0.14696496950787122,17.379734620024127,22.110412415497162,384.27310012062725,
1,SELV,TV,201401.0,,,,,2521.0,,,,,3,paid,brand,False,,,,,,,,79.88932963109878
1,SELV,Website,,,,3450.0,1278757.0,,,253927.0,,,3,earned,owned,True,,,,,,,370.65420289855075,
1,SEMAG,Influencer,21634.0,,,133.0,56012.0,,4.279999999999999,,,,4,paid,response,True,,,,,162.66165413533835,2.5890727558472775,421.14285714285717,
1,SEMAG,PR,0.0,,,,,,,,178.0,31.099999999999998,4,earned,brand,False,,,,,,,,
1,SEMAG,Paid Social,86696.0,2121782.0,21721.0,1993.0,430156.0,,1.2366666666666666,,,,6,paid,response,True,40.85999409929955,3.9913447815478107,0.010237149716606136,0.09175452327240918,43.50025087807326,4.961659130755744,215.83341695935775,
1,SEMAG,Search,42362.0,1422817.0,28024.0,3975.0,1544792.0,,1.9833333333333334,,,,3,paid,response,True,29.773329950373096,1.5116328860976307,0.01969613801353231,0.1418427062517842,10.657106918238993,36.4664557858458,388.6269182389937,
1,SEMAG,TV,130153.0,,,,,2009.0,,,,,3,paid,brand,False,,,,,,,,64.78496764559482
1,SEMAG,Website,,,,3199.0,855328.0,,,222168.0,,,3,earned,owned,True,,,,,,,267.37355423569863,
1,SEPAK,Influencer,18735.0,,,116.0,42351.0,,4.7,,,,4,paid,response,True,,,,,161.50862068965517,2.2605284227381905,365.0948275862069,
1,SEPAK,PR,0.0,,,,,,,,221.0,38.275,4,earned,brand,False,,,,,,,,
1,SEPAK,Paid Social,65460.0,1897393.0,20151.0,1577.0,351572.0,,1.05,,,,6,paid,response,True,34.499969168221874,3.24847402114039,0.010620361727907713,0.07825914346682547,41.509194673430564,5.37079132294531,222.93722257450855,
1,SEPAK,Search,54258.0,1021365.0,18755.0,2387.0,877987.0,,1.8066666666666666,,,,3,paid,response,True,53.1230265380153,2.892988536390296,0.018362681313732112,0.12727272727272726,22.730624214495183,16.181705923550446,367.82027649769583,
1,SEPAK,TV,148118.0,,,,,1370.0,,,,,3,paid,brand,False,,,,,,,,108.11532846715329
1,SEPAK,Website,,,,3937.0,1118378.0,,,239677.0,,,3,earned,owned,True,,,,,,,284.06858013716027,
1,SESAR,Influencer,19692.0,,,129.0,46178.0,,4.7225,,,,4,paid,response,True,,,,,152.65116279069767,2.3450132033313023,357.968992248062,
1,SESAR,PR,0.0,,,,,,,,208.0,25.85,4,earned,brand,False,,,,,,,,
1,SESAR,Paid Social,93399.0,2858467.0,31410.0,2152.0,659574.0,,1.1666666666666667,,,,6,paid,response,True,32.67450699973098,2.973543457497612,0.010988407422580006,0.0685132123527539,43.401022304832715,7.061895737641731,306.49349442379184,
1,SESAR,Search,74868.0,1314294.0,18355.0,2045.0,721912.0,,1.3666666666666665,,,,3,paid,response,True,56.96442348515629,4.07888858621629,0.013965672825106103,0.11141378371016072,36.61026894865525,9.642464070096704,353.0132029339853,
1,SESAR,TV,143064.0,,,,,1687.0,,,,,3,paid,brand,False,,,,,,,,84.80379371665678
1,SESAR,Website,,,,3194.0,1144463.0,,,270891.0,,,3,earned,owned,True,,,,,,,358.3165309956168,
1,SETK,Influencer,20513.0,,,132.0,44968.0,,4.1525,,,,4,paid,response,True,,,,,155.40151515151516,2.192170818505338,340.6666666666667,
1,SETK,PR,0.0,,,,,,,,263.0,36.125,4,earned,brand,False,,,,,,,,
1,SETK,Paid Social,68597.0,3136859.0,30293.0,2858.0,803065.0,,1.2100000000000002,,,,6,paid,response,True,21.86805336165891,2.264450533126465,0.009657112417230102,0.09434522827055755,24.001749475157453,11.706998848346137,280.9884534639608,
1,SETK,Search,49768.0,1667137.0,33155.0,4875.0,2050624.0,,1.9733333333333334,,,,3,paid,response,True,29.852375659588862,1.5010707283969236,0.01988738777916872,0.14703664605640174,10.208820512820513,41.20366500562611,420.64082051282054,
1,SETK,TV,165488.0,,,,,2243.0,,,,,3,paid,brand,False,,,,,,,,73.77975925100311
1,SETK,Website,,,,4148.0,1364308.0,,,280656.0,,,3,earned,owned,True,,,,,,,328.90742526518807,
1,SGE,Influencer,26658.0,,,109.0,28053.0,,3.615,,,,4,paid,response,True,,,,,244.56880733944953,1.0523295070898042,257.3669724770642,
1,SGE,PR,0.0,,,,,,,,203.0,30.675,4,earned,brand,False,,,,,,,,
1,SGE,Paid Social,100437.0,3189017.0,32274.0,2864.0,752799.0,,0.9550000000000001,,,,6,paid,response,True,31.494658071750635,3.1120096672243913,0.010120359972994814,0.08874016235979426,35.06878491620112,7.495235819468921,262.848812849162,
1,SGE,Search,64668.0,1856351.0,26680.0,3149.0,1154040.0,,1.4333333333333333,,,,3,paid,response,True,34.83608433965344,2.4238380809595204,0.014372281966072148,0.11802848575712144,20.53604318831375,17.845611430692152,366.47824706255955,
1,SGE,TV,125330.0,,,,,2557.0,,,,,3,paid,brand,False,,,,,,,,49.014470082127495
1,SGE,Website,,,,4005.0,1336667.0,,,339060.0,,,3,earned,owned,True,,,,,,,333.74956304619224,
2,SEEG,B2B Roadshow,11363.0,44186.0,,220.0,95074.0,,4.87,,,,3,paid,brand,True,257.1629022767392,,,,51.65,8.366980550910851,432.1545454545454,
2,SEEG,Influencer,27276.0,,,123.0,43612.0,,4.0200000000000005,,,,5,paid,response,True,,,,,221.7560975609756,1.5989147968910398,354.5691056910569,
2,SEEG,PR,0.0,,,,,,,,208.0,32.4,5,earned,brand,False,,,,,,,,
2,SEEG,Paid Social,74479.0,2961742.0,32001.0,2023.0,711178.0,,1.1366666666666667,,,,6,paid,response,True,25.147024960310517,2.3273960188744103,0.010804789883791363,0.06321677447579763,36.81611468116658,9.548705004095114,351.546218487395,
2,SEEG,Search,69029.0,1768226.0,32010.0,4125.0,1483785.0,,1.8599999999999999,,,,4,paid,response,True,39.03856181279995,2.1564823492658545,0.018102889562759513,0.12886597938144329,16.734303030303032,21.49509626388909,359.70545454545453,
2,SEEG,TV,144528.0,,,,,1851.0,,,,,4,paid,brand,False,,,,,,,,78.08103727714749
2,SEEG,Website,,,,3579.0,1400477.0,,,283098.0,,,4,earned,owned,True,,,,,,,391.3039955294775,
2,SEIL,B2B Roadshow,17795.0,55464.0,,359.0,132568.0,,6.256666666666667,,,,3,paid,brand,True,320.8387422472234,,,,49.56824512534819,7.449733071087384,369.2701949860724,
2,SEIL,Influencer,21661.0,,,75.0,28794.0,,3.822,,,,5,paid,response,True,,,,,288.81333333333333,1.3293015096255945,383.92,
2,SEIL,PR,0.0,,,,,,,,243.0,39.339999999999996,5,earned,brand,False,,,,,,,,
2,SEIL,Paid Social,105021.0,2779936.0,29705.0,2534.0,765171.0,,1.1383333333333334,,,,6,paid,response,True,37.77820784363381,3.5354654098636593,0.010685497795632706,0.08530550412388486,41.44475138121547,7.285885680006856,301.9617205998421,
2,SEIL,Search,64135.0,2294417.0,38250.0,4628.0,2111205.0,,1.6975,,,,4,paid,response,True,27.952634590835057,1.6767320261437908,0.0166709015841497,0.12099346405228759,13.858038029386345,32.91814142044126,456.18085566119277,
2,SEIL,TV,183431.0,,,,,2684.0,,,,,4,paid,brand,False,,,,,,,,68.34239940387481
2,SEIL,Website,,,,4356.0,1111193.0,,,309603.0,,,4,earned,owned,True,,,,,,,255.09481175390266,
2,SELV,B2B Roadshow,18199.0,73853.0,,220.0,139262.0,,4.793333333333334,,,,3,paid,brand,True,246.42194629872856,,,,82.72272727272727,7.652178691136876,633.0090909090909,
2,SELV,Influencer,34528.0,,,186.0,72904.0,,5.151999999999999,,,,5,paid,response,True,,,,,185.63440860215053,2.11144578313253,391.9569892473118,
2,SELV,PR,0.0,,,,,,,,212.0,37.46,5,earned,brand,False,,,,,,,,
2,SELV,Paid Social,97396.0,2736394.0,29992.0,2409.0,744152.0,,1.2233333333333334,,,,6,paid,response,True,35.59282764104877,3.2473993064817286,0.010960409940966103,0.08032141904507868,40.43005396430054,7.64047804837981,308.9049398090494,
2,SELV,Search,79190.0,2504089.0,40698.0,5380.0,2285256.0,,1.6824999999999999,,,,4,paid,response,True,31.624275335261647,1.945795862204531,0.016252617219276153,0.13219322816846035,14.719330855018587,28.857886096729384,424.76877323420075,
2,SELV,TV,172881.0,,,,,2242.0,,,,,4,paid,brand,False,,,,,,,,77.11016949152543
2,SELV,Website,,,,3383.0,1042972.0,,,293390.0,,,4,earned,owned,True,,,,,,,308.29796039018623,
2,SEMAG,B2B Roadshow,15847.0,36969.0,,194.0,63755.0,,4.853333333333333,,,,3,paid,brand,True,428.6564418837404,,,,81.68556701030928,4.023158957531394,328.6340206185567,
2,SEMAG,Influencer,18230.0,,,156.0,50019.0,,3.9099999999999993,,,,5,paid,response,True,,,,,116.85897435897436,2.743773998902907,320.63461538461536,
2,SEMAG,PR,0.0,,,,,,,,253.0,33.1,5,earned,brand,False,,,,,,,,
2,SEMAG,Paid Social,77670.0,1998645.0,20655.0,1841.0,543640.0,,1.19,,,,6,paid,response,True,38.861328550092686,3.7603485838779958,0.010334501624850837,0.08913096102638586,42.189027702335686,6.999356250804687,295.2960347637154,
2,SEMAG,Search,67983.0,1748792.0,27506.0,3748.0,1681123.0,,1.455,,,,4,paid,response,True,38.874262919775475,2.4715698393077874,0.015728571493922663,0.13626117937904458,18.13847385272145,24.728579203624435,448.5386872998933,
2,SEMAG,TV,167322.0,,,,,2117.0,,,,,4,paid,brand,False,,,,,,,,79.03731695795938
2,SEMAG,Website,,,,2520.0,706299.0,,,231678.0,,,4,earned,owned,True,,,,,,,280.27738095238095,
2,SEPAK,B2B Roadshow,16846.0,37864.0,,206.0,75261.0,,4.826666666666667,,,,3,paid,brand,True,444.9080921191633,,,,81.77669902912622,4.467588745102695,365.34466019417476,
2,SEPAK,Influencer,15010.0,,,159.0,59562.0,,4.688,,,,5,paid,response,True,,,,,94.40251572327044,3.9681545636242506,374.60377358490564,
2,SEPAK,PR,0.0,,,,,,,,127.0,31.9,5,earned,brand,False,,,,,,,,
2,SEPAK,Paid Social,65913.0,2385695.0,29231.0,2636.0,848465.0,,1.19,,,,6,paid,response,True,27.628426936385416,2.254900619205638,0.012252614018137273,0.0901782354349834,25.004931714719273,12.872498596634959,321.8759484066768,
2,SEPAK,Search,57692.0,1707517.0,26879.0,2399.0,851378.0,,1.6549999999999998,,,,4,paid,response,True,33.78707210528505,2.1463596115926933,0.015741570947756304,0.08925183228542728,24.048353480616925,14.757297372252651,354.8887036265111,
2,SEPAK,TV,160879.0,,,,,2273.0,,,,,4,paid,brand,False,,,,,,,,70.77826660800704
2,SEPAK,Website,,,,3486.0,1083296.0,,,249708.0,,,4,earned,owned,True,,,,,,,310.7561675272519,
2,SESAR,B2B Roadshow,17760.0,48722.0,,187.0,98653.0,,6.09,,,,3,paid,brand,True,364.51705595008417,,,,94.97326203208556,5.554786036036036,527.5561497326203,
2,SESAR,Influencer,18919.0,,,198.0,69958.0,,4.178,,,,5,paid,response,True,,,,,95.55050505050505,3.6977641524393468,353.32323232323233,
2,SESAR,PR,0.0,,,,,,,,225.0,32.78,5,earned,brand,False,,,,,,,,
2,SESAR,Paid Social,72581.0,3186429.0,32492.0,2892.0,711222.0,,1.2733333333333332,,,,6,paid,response,True,22.778163266779206,2.233811399729164,0.01019699481770973,0.0890065246829989,25.09716459197787,9.799010760391837,245.92738589211618,
2,SESAR,Search,66784.0,2086137.0,33693.0,4430.0,1547796.0,,1.63,,,,4,paid,response,True,32.01323786501079,1.9821327872258332,0.01615090475841232,0.13148131659395126,15.075395033860046,23.176149976042165,349.38961625282167,
2,SESAR,TV,186127.0,,,,,2761.0,,,,,4,paid,brand,False,,,,,,,,67.41289387902934
2,SESAR,Website,,,,4562.0,1438605.0,,,385383.0,,,4,earned,owned,True,,,,,,,315.3452433143358,
2,SETK,B2B Roadshow,15526.0,52552.0,,155.0,90319.0,,6.06,,,,3,paid,brand,True,295.4407063479982,,,,100.16774193548387,5.817274249645756,582.7032258064517,
2,SETK,Influencer,30175.0,,,102.0,34526.0,,3.7159999999999997,,,,5,paid,response,True,,,,,295.8333333333333,1.144192212096106,338.4901960784314,
2,SETK,PR,0.0,,,,,,,,287.0,39.08,5,earned,brand,False,,,,,,,,
2,SETK,Paid Social,79795.0,2576327.0,29715.0,2334.0,540784.0,,1.155,,,,6,paid,response,True,30.972388210037003,2.685344102305233,0.0115338619670562,0.07854618879353861,34.18808911739503,6.777166489128391,231.69837189374465,
2,SETK,Search,61808.0,1522210.0,28311.0,4135.0,1858095.0,,1.8375000000000001,,,,4,paid,response,True,40.60412163893287,2.1831796828088024,0.018598616485241852,0.14605630320370175,14.94752116082225,30.062370566916904,449.35792019347036,
2,SETK,TV,155093.0,,,,,2042.0,,,,,4,paid,brand,False,,,,,,,,75.9515181194907
2,SETK,Website,,,,4233.0,1120571.0,,,351207.0,,,4,earned,owned,True,,,,,,,264.7226553271911,
2,SGE,B2B Roadshow,21833.0,57293.0,,239.0,102671.0,,7.183333333333334,,,,3,paid,brand,True,381.0762222261009,,,,91.35146443514644,4.702560344432739,429.5857740585774,
2,SGE,Influencer,25753.0,,,113.0,32243.0,,3.55,,,,5,paid,response,True,,,,,227.90265486725664,1.2520094746243156,285.3362831858407,
2,SGE,PR,0.0,,,,,,,,331.0,33.480000000000004,5,earned,brand,False,,,,,,,,
2,SGE,Paid Social,110210.0,3408998.0,39500.0,3563.0,999055.0,,1.1700000000000002,,,,6,paid,response,True,32.32914774370651,2.790126582278481,0.011586982450561719,0.09020253164556961,30.931799045747965,9.065012249342164,280.3971372438956,
2,SGE,Search,86456.0,2754067.0,48752.0,6848.0,3119880.0,,1.74,,,,4,paid,response,True,31.392119363835373,1.7733836560551361,0.01770182061656452,0.14046603216278306,12.625,36.08633293235866,455.58995327102804,
2,SGE,TV,189305.0,,,,,2682.0,,,,,4,paid,brand,False,,,,,,,,70.58351976137212
2,SGE,Website,,,,6417.0,2159341.0,,,411563.0,,,4,earned,owned,True,,,,,,,336.5031946392395,
3,SEEG,Influencer,27239.0,,,151.0,51151.0,,4.258333333333333,,,,6,paid,response,True,,,,,180.39072847682118,1.8778589522376006,338.74834437086093,
3,SEEG,PR,0.0,,,,,,,,234.0,33.583333333333336,6,earned,brand,False,,,,,,,,
3,SEEG,Paid Social,108688.0,2609321.0,28389.0,2516.0,764808.0,,1.1766666666666665,,,,6,paid,response,True,41.65374823565212,3.8285251329740393,0.010879841920560943,0.08862587621966254,43.19872813990461,7.036728985720595,303.9777424483307,
3,SEEG,Retail,20112.0,105891.0,,620.0,295452.0,,5.036,,,,5,paid,response,True,189.93115562229085,,,,32.438709677419354,14.690334128878282,476.53548387096777,
3,SEEG,Search,62540.0,2150782.0,41469.0,4650.0,1728707.0,,1.9619999999999997,,,,5,paid,response,True,29.077795890053014,1.5081144951650631,0.019280894112002053,0.11213195398972726,13.449462365591398,27.64162136232811,371.7649462365591,
3,SEEG,TV,256975.0,,,,,2194.0,,,,,5,paid,brand,False,,,,,,,,117.12625341841385
3,SEEG,Website,,,,4266.0,1340602.0,,,312277.0,,,5,earned,owned,True,,,,,,,314.2526957337084,
3,SEIL,Influencer,38946.0,,,114.0,30482.0,,4.535,,,,6,paid,response,True,,,,,341.63157894736844,0.7826734452832127,267.3859649122807,
3,SEIL,PR,0.0,,,,,,,,268.0,25.333333333333332,6,earned,brand,False,,,,,,,,
3,SEIL,Paid Social,107084.0,3860661.0,50302.0,3069.0,960729.0,,1.1316666666666666,,,,6,paid,response,True,27.73721909279266,2.1288219156295973,0.013029375021531286,0.06101149059679536,34.89214727924406,8.971732471704456,313.0430107526882,
3,SEIL,Retail,21465.0,171470.0,,826.0,342282.0,,4.492,,,,5,paid,response,True,125.18224762349098,,,,25.986682808716708,15.946051712089448,414.3849878934625,
3,SEIL,Search,90505.0,2261815.0,42874.0,5020.0,2181726.0,,1.884,,,,5,paid,response,True,40.01432477899386,2.1109530251434436,0.018955573289592652,0.11708727900359192,18.028884462151396,24.10613778244296,434.6067729083665,
3,SEIL,TV,211295.0,,,,,3199.0,,,,,5,paid,brand,False,,,,,,,,66.05032822757111
3,SEIL,Website,,,,5311.0,1459694.0,,,397819.0,,,5,earned,owned,True,,,,,,,274.8435322914705,
3,SELV,Influencer,32841.0,,,105.0,31727.0,,4.246666666666667,,,,6,paid,response,True,,,,,312.77142857142854,0.966078986632563,302.16190476190474,
3,SELV,PR,0.0,,,,,,,,299.0,36.266666666666666,6,earned,brand,False,,,,,,,,
3,SELV,Paid Social,100279.0,3934640.0,45127.0,3400.0,957838.0,,1.1866666666666668,,,,6,paid,response,True,25.486194416770022,2.2221508188002748,0.011469156009190167,0.07534292108937,29.493823529411763,9.55173067142672,281.7170588235294,
3,SELV,Retail,19112.0,175663.0,,909.0,329122.0,,3.47,,,,5,paid,response,True,108.79923489864115,,,,21.025302530253025,17.220699037254082,362.0704070407041,
3,SELV,Search,78012.0,2950692.0,55962.0,6885.0,2516588.0,,1.8940000000000001,,,,5,paid,response,True,26.438543907666407,1.3940173689289161,0.01896572058351058,0.12302991315535541,11.330718954248367,32.258985797056866,365.51750181554104,
3,SELV,TV,252229.0,,,,,2914.0,,,,,5,paid,brand,False,,,,,,,,86.5576527110501
3,SELV,Website,,,,4319.0,1548612.0,,,328823.0,,,5,earned,owned,True,,,,,,,358.55799953692986,
3,SEMAG,Influencer,23965.0,,,156.0,63344.0,,4.33,,,,6,paid,response,True,,,,,153.62179487179486,2.643187982474442,406.05128205128204,
3,SEMAG,PR,0.0,,,,,,,,229.0,30.616666666666664,6,earned,brand,False,,,,,,,,
3,SEMAG,Paid Social,96346.0,2464882.0,28197.0,2281.0,742424.0,,1.2216666666666667,,,,6,paid,response,True,39.08746950158263,3.4168883214526367,0.011439492843876502,0.08089513068766181,42.23849188952214,7.705810308679135,325.48180622533977,
3,SEMAG,Retail,18712.0,102401.0,,530.0,277827.0,,4.178,,,,5,paid,response,True,182.73259050204587,,,,35.30566037735849,14.847530996152202,524.2018867924528,
3,SEMAG,Search,69080.0,2028911.0,36496.0,4252.0,1521340.0,,1.7759999999999998,,,,5,paid,response,True,34.04782171322449,1.8928101709776415,0.017987974829847146,0.11650591845681718,16.246472248353715,22.02287203242617,357.793979303857,
3,SEMAG,TV,170344.0,,,,,2691.0,,,,,5,paid,brand,False,,,,,,,,63.301374953548866
3,SEMAG,Website,,,,4289.0,992941.0,,,318799.0,,,5,earned,owned,True,,,,,,,231.5087432968058,
3,SEPAK,Influencer,26495.0,,,161.0,55637.0,,4.42,,,,6,paid,response,True,,,,,164.56521739130434,2.0999056425740705,345.57142857142856,
3,SEPAK,PR,0.0,,,,,,,,278.0,35.333333333333336,6,earned,brand,False,,,,,,,,
3,SEPAK,Paid Social,77301.0,3105299.0,39613.0,3010.0,940664.0,,1.1966666666666665,,,,6,paid,response,True,24.89325504564939,1.9514048418448489,0.012756581572338123,0.07598515638805442,25.68139534883721,12.168846457355015,312.51295681063124,
3,SEPAK,Retail,20205.0,122985.0,,556.0,264535.0,,3.942,,,,5,paid,response,True,164.28832784485914,,,,36.339928057553955,13.09255134867607,475.78237410071944,
3,SEPAK,Search,77894.0,1688340.0,29533.0,3218.0,1128673.0,,1.714,,,,5,paid,response,True,46.13644171197744,2.6375241255544646,0.017492329744008907,0.10896285511123151,24.205717837165942,14.489858012170385,350.7374145431945,
3,SEPAK,TV,175631.0,,,,,2536.0,,,,,5,paid,brand,False,,,,,,,,69.2551261829653
3,SEPAK,Website,,,,4792.0,1483026.0,,,359261.0,,,5,earned,owned,True,,,,,,,309.4795492487479,
3,SESAR,Influencer,31781.0,,,116.0,41036.0,,4.1450000000000005,,,,6,paid,response,True,,,,,273.9741379310345,1.2912117302790975,353.7586206896552,
3,SESAR,PR,0.0,,,,,,,,271.0,32.18333333333333,6,earned,brand,False,,,,,,,,
3,SESAR,Paid Social,114268.0,3047669.0,29060.0,1754.0,412086.0,,1.1783333333333335,,,,6,paid,response,True,37.49357295690575,3.9321403991741226,0.0095351562128302,0.06035788024776325,65.14709236031928,3.6063114782791335,234.9407069555302,
3,SESAR,Retail,19147.0,142204.0,,686.0,285532.0,,4.672,,,,5,paid,response,True,134.64459508874575,,,,27.911078717201168,14.912623387475845,416.2274052478134,
3,SESAR,Search,84162.0,2253620.0,36901.0,5509.0,2080911.0,,1.654,,,,5,paid,response,True,37.34524897720112,2.2807511991544946,0.016374100336347744,0.1492913471179643,15.277182791795244,24.725065944250375,377.7293519695044,
3,SESAR,TV,254391.0,,,,,2272.0,,,,,5,paid,brand,False,,,,,,,,111.96786971830986
3,SESAR,Website,,,,5228.0,1609924.0,,,397319.0,,,5,earned,owned,True,,,,,,,307.9426166794185,
3,SETK,Influencer,28077.0,,,201.0,58509.0,,4.488333333333333,,,,6,paid,response,True,,,,,139.6865671641791,2.0838764825301848,291.089552238806,
3,SETK,PR,0.0,,,,,,,,300.0,44.15,6,earned,brand,False,,,,,,,,
3,SETK,Paid Social,104955.0,3542847.0,43201.0,4123.0,1052763.0,,1.185,,,,6,paid,response,True,29.6244799733096,2.4294576514432538,0.012193865555018323,0.09543760561098123,25.455978656318216,10.030613119908532,255.33907349017704,
3,SETK,Retail,19496.0,156036.0,,534.0,276970.0,,4.074,,,,5,paid,response,True,124.9455253915763,,,,36.50936329588015,14.206503898235535,518.6704119850187,
3,SETK,Search,77605.0,2018192.0,32934.0,3483.0,1666587.0,,1.5859999999999999,,,,5,paid,response,True,38.45273393215314,2.356379425517702,0.01631856632074649,0.10575696848241939,22.281079529141543,21.475252883190517,478.4918173987941,
3,SETK,TV,164261.0,,,,,2638.0,,,,,5,paid,brand,False,,,,,,,,62.26724791508719
3,SETK,Website,,,,4783.0,1665747.0,,,389154.0,,,5,earned,owned,True,,,,,,,348.2640602132553,
3,SGE,Influencer,42473.0,,,168.0,57960.0,,4.2716666666666665,,,,6,paid,response,True,,,,,252.8154761904762,1.3646316483412992,345.0,
3,SGE,PR,0.0,,,,,,,,466.0,30.083333333333332,6,earned,brand,False,,,,,,,,
3,SGE,Paid Social,125809.0,4684945.0,49523.0,3671.0,1126260.0,,1.1433333333333333,,,,6,paid,response,True,26.853890493911884,2.5404155644851887,0.01057066838564807,0.07412717323263938,34.271043312448924,8.952141738667345,306.7992372650504,
3,SGE,Retail,13582.0,171471.0,,1008.0,299668.0,,3.408,,,,5,paid,response,True,79.20872917286304,,,,13.47420634920635,22.063613606243557,297.28968253968253,
3,SGE,Search,97154.0,2860732.0,45803.0,6182.0,2530558.0,,1.6920000000000002,,,,5,paid,response,True,33.96123789295886,2.121127437067441,0.016010937060864143,0.13496932515337423,15.715626010999676,26.046874035037156,409.342931090262,
3,SGE,TV,284536.0,,,,,3866.0,,,,,5,paid,brand,False,,,,,,,,73.5995861355406
3,SGE,Website,,,,6133.0,2282372.0,,,445788.0,,,5,earned,owned,True,,,,,,,372.14609489646176,
4,SEEG,B2B Roadshow,27442.0,66838.0,,310.0,88192.0,,4.372,,,,5,paid,brand,True,410.5748227056465,,,,88.52258064516128,3.213759930034254,284.49032258064517,
4,SEEG,Influencer,28072.0,,,145.0,57223.0,,4.736666666666666,,,,6,paid,response,True,,,,,193.6,2.0384368766030208,394.6413793103448,
4,SEEG,PR,0.0,,,,,,,,343.0,33.35,6,earned,brand,False,,,,,,,,
4,SEEG,Paid Social,89670.0,3596541.0,40996.0,3312.0,1002023.0,,1.1183333333333334,,,,6,paid,response,True,24.932289107784396,2.187286564542882,0.011398730057574764,0.08078836959703385,27.07427536231884,11.174562283929966,302.5431763285024,
4,SEEG,Search,51151.0,1950714.0,26962.0,3266.0,1492567.0,,1.4166666666666667,,,,6,paid,response,True,26.221680881974496,1.8971515466211706,0.013821605832531062,0.12113344707365922,15.661665646050213,29.179625031768683,457.0015309246785,
4,SEEG,TV,235009.0,,,,,2136.0,,,,,6,paid,brand,False,,,,,,,,110.02294007490637
4,SEEG,Website,,,,3632.0,1215743.0,,,301455.0,,,6,earned,owned,True,,,,,,,334.7310022026432,
4,SEIL,B2B Roadshow,26502.0,67636.0,,427.0,148850.0,,5.108,,,,5,paid,brand,True,391.8327517889881,,,,62.0655737704918,5.616557240962946,348.59484777517565,
4,SEIL,Influencer,34767.0,,,231.0,76453.0,,4.348333333333334,,,,6,paid,response,True,,,,,150.5064935064935,2.199010555986999,330.965367965368,
4,SEIL,PR,0.0,,,,,,,,311.0,32.88333333333333,6,earned,brand,False,,,,,,,,
4,SEIL,Paid Social,118435.0,4032244.0,44179.0,4070.0,1383216.0,,1.1383333333333334,,,,6,paid,response,True,29.371982449474785,2.6807985694560763,0.010956430216028594,0.09212521786369089,29.0995085995086,11.679115126440664,339.85651105651107,
4,SEIL,Search,111256.0,2045963.0,38115.0,5379.0,2335077.0,,1.885,,,,6,paid,response,True,54.37830498400997,2.9189557916830644,0.01862936915281459,0.14112554112554113,20.683398401189812,20.988324225210327,434.10987172336866,
4,SEIL,TV,253790.0,,,,,3504.0,,,,,6,paid,brand,False,,,,,,,,72.42865296803653
4,SEIL,Website,,,,5618.0,1973594.0,,,449306.0,,,6,earned,owned,True,,,,,,,351.2983268066928,
4,SELV,B2B Roadshow,26674.0,62040.0,,419.0,131335.0,,5.542,,,,5,paid,brand,True,429.94842037395233,,,,63.66109785202864,4.923708480167954,313.4486873508353,
4,SELV,Influencer,37922.0,,,166.0,63214.0,,5.006666666666667,,,,6,paid,response,True,,,,,228.44578313253012,1.6669479457834502,380.8072289156627,
4,SELV,PR,0.0,,,,,,,,269.0,29.71666666666667,6,earned,brand,False,,,,,,,,
4,SELV,Paid Social,98657.0,3865102.0,48918.0,3560.0,872515.0,,1.0033333333333332,,,,6,paid,response,True,25.525070231005547,2.0167831881924854,0.01265632834528041,0.07277484770432152,27.7126404494382,8.84392389794946,245.0884831460674,
4,SELV,Search,106267.0,2659178.0,44518.0,6737.0,2548570.0,,1.7266666666666666,,,,6,paid,response,True,39.96234926732998,2.3870569207960823,0.01674126365365538,0.15133204546475582,15.773638117856613,23.982703943839574,378.294493097818,
4,SELV,TV,299507.0,,,,,3170.0,,,,,6,paid,brand,False,,,,,,,,94.48170347003155
4,SELV,Website,,,,5516.0,2023567.0,,,440569.0,,,6,earned,owned,True,,,,,,,366.8540609137056,
4,SEMAG,B2B Roadshow,25633.0,58890.0,,329.0,92584.0,,5.208,,,,5,paid,brand,True,435.26914586517233,,,,77.91185410334346,3.6119065267428705,281.41033434650456,
4,SEMAG,Influencer,32640.0,,,124.0,29239.0,,4.366666666666666,,,,6,paid,response,True,,,,,263.2258064516129,0.8958026960784313,235.7983870967742,
4,SEMAG,PR,0.0,,,,,,,,228.0,29.650000000000002,6,earned,brand,False,,,,,,,,
4,SEMAG,Paid Social,91303.0,3498261.0,47044.0,3839.0,895699.0,,1.0933333333333335,,,,6,paid,response,True,26.09953917103384,1.9408001020321402,0.013447824504803958,0.08160445540345208,23.783016410523572,9.810181483631425,233.31570721542067,
4,SEMAG,Search,73369.0,2196367.0,38803.0,4771.0,1816141.0,,1.7299999999999998,,,,6,paid,response,True,33.40470877590129,1.890807411798057,0.017666901751847482,0.12295441074143752,15.378117795011528,24.753519878967957,380.6625445399287,
4,SEMAG,TV,216424.0,,,,,2470.0,,,,,6,paid,brand,False,,,,,,,,87.62105263157895
4,SEMAG,Website,,,,4887.0,1457507.0,,,357490.0,,,6,earned,owned,True,,,,,,,298.2416615510538,
4,SEPAK,B2B Roadshow,30613.0,52384.0,,269.0,111252.0,,6.0840000000000005,,,,5,paid,brand,True,584.3959987782529,,,,113.80297397769517,3.6341423578218404,413.57620817843866,
4,SEPAK,Influencer,27381.0,,,175.0,61047.0,,4.29,,,,6,paid,response,True,,,,,156.46285714285713,2.229538731236989,348.84,
4,SEPAK,PR,0.0,,,,,,,,206.0,33.699999999999996,6,earned,brand,False,,,,,,,,
4,SEPAK,Paid Social,96500.0,2666618.0,34328.0,2411.0,720405.0,,1.0416666666666667,,,,6,paid,response,True,36.18816043392792,2.811116289909112,0.012873234936537591,0.0702342111395945,40.02488593944421,7.465336787564767,298.7992534218167,
4,SEPAK,Search,67903.0,1956451.0,37797.0,4908.0,1961098.0,,1.9066666666666665,,,,6,paid,response,True,34.70723263705557,1.7965182421885335,0.019319165161815963,0.12985157552186682,13.835167074164628,28.880874188180197,399.5717196414018,
4,SEPAK,TV,191363.0,,,,,2606.0,,,,,6,paid,brand,False,,,,,,,,73.4316960859555
4,SEPAK,Website,,,,4338.0,1411436.0,,,349458.0,,,6,earned,owned,True,,,,,,,325.3656062701706,
4,SESAR,B2B Roadshow,25222.0,59296.0,,442.0,118466.0,,5.6,,,,5,paid,brand,True,425.3575283324339,,,,57.06334841628959,4.696931250495599,268.0226244343891,
4,SESAR,Influencer,26662.0,,,136.0,46743.0,,3.91,,,,6,paid,response,True,,,,,196.0441176470588,1.7531693046283099,343.6985294117647,
4,SESAR,PR,0.0,,,,,,,,295.0,34.68333333333333,6,earned,brand,False,,,,,,,,
4,SESAR,Paid Social,92785.0,3750316.0,47209.0,3675.0,953939.0,,1.155,,,,6,paid,response,True,24.740581860301905,1.9654091380880765,0.01258800591736803,0.07784532610307357,25.247619047619047,10.281176914371935,259.5752380952381,
4,SESAR,Search,72692.0,2395401.0,40578.0,5649.0,1997660.0,,1.6683333333333332,,,,6,paid,response,True,30.34648478480221,1.7914140667356695,0.016939961200650746,0.1392133668490315,12.86811825101788,27.4811533593793,353.63073110285006,
4,SESAR,TV,219859.0,,,,,2651.0,,,,,6,paid,brand,False,,,,,,,,82.93436439079592
4,SESAR,Website,,,,6305.0,2099100.0,,,423067.0,,,6,earned,owned,True,,,,,,,332.92624900872323,
4,SETK,B2B Roadshow,26260.0,70292.0,,367.0,101104.0,,4.9,,,,5,paid,brand,True,373.58447618505664,,,,71.55313351498637,3.85011424219345,275.48773841961855,
4,SETK,Influencer,24131.0,,,175.0,71700.0,,3.8716666666666666,,,,6,paid,response,True,,,,,137.89142857142858,2.9712817537607226,409.7142857142857,
4,SETK,PR,0.0,,,,,,,,237.0,36.0,6,earned,brand,False,,,,,,,,
4,SETK,Paid Social,99714.0,3303249.0,34709.0,3157.0,954938.0,,1.2383333333333335,,,,6,paid,response,True,30.186643513704233,2.872857184015673,0.010507533643391704,0.0909562361347201,31.58504909724422,9.576769560944301,302.4827367754197,
4,SETK,Search,89363.0,2449705.0,40862.0,5241.0,2486214.0,,1.6383333333333334,,,,6,paid,response,True,36.479086257324866,2.186946307082375,0.01668037580035147,0.12826097596789193,17.050753672963175,27.821514497051353,474.37779049799656,
4,SETK,TV,249591.0,,,,,2698.0,,,,,6,paid,brand,False,,,,,,,,92.50963676797627
4,SETK,Website,,,,4651.0,1381335.0,,,473219.0,,,6,earned,owned,True,,,,,,,296.9974199096968,
4,SGE,B2B Roadshow,28459.0,94832.0,,384.0,191360.0,,4.862,,,,5,paid,brand,True,300.09912265901806,,,,74.11197916666667,6.724059172845146,498.3333333333333,
4,SGE,Influencer,28215.0,,,119.0,46259.0,,3.596666666666667,,,,6,paid,response,True,,,,,237.10084033613447,1.639517986886408,388.7310924369748,
4,SGE,PR,0.0,,,,,,,,357.0,35.43333333333333,6,earned,brand,False,,,,,,,,
4,SGE,Paid Social,126730.0,4265738.0,49562.0,4452.0,1115640.0,,1.0666666666666667,,,,6,paid,response,True,29.708810058189226,2.5569993139905574,0.011618622615828727,0.08982688349945522,28.46585804132974,8.803282569241695,250.59299191374663,
4,SGE,Search,118340.0,2321616.0,42831.0,5306.0,2138162.0,,1.7783333333333333,,,,6,paid,response,True,50.97311527832338,2.7629520674277974,0.01844878739636529,0.12388223482991291,22.303053147380325,18.067956734831842,402.9705993215228,
4,SGE,TV,252054.0,,,,,3373.0,,,,,6,paid,brand,False,,,,,,,,74.72694930329084
4,SGE,Website,,,,6940.0,1897674.0,,,520972.0,,,6,earned,owned,True,,,,,,,273.4400576368876,
5,SEEG,Influencer,31043.0,,,161.0,43317.0,,4.183333333333334,,,,6,paid,response,True,,,,,192.8136645962733,1.3953870437779854,269.0496894409938,
5,SEEG,PR,0.0,,,,,,,,218.0,40.800000000000004,6,earned,brand,False,,,,,,,,
5,SEEG,Paid Social,84576.0,2425265.0,27766.0,2228.0,557887.0,,1.1416666666666666,,,,6,paid,response,True,34.872890179011364,3.0460275156666428,0.011448645818085858,0.08024202261758986,37.960502692998205,6.5962802686341275,250.39811490125672,
5,SEEG,Search,69754.0,1718333.0,27735.0,3611.0,1730874.0,,1.6716666666666666,,,,6,paid,response,True,40.5939942956342,2.515017126374617,0.01614064328625476,0.1301965026140256,19.31708667959014,24.81397482581644,479.33370257546386,
5,SEEG,TV,165709.0,,,,,2327.0,,,,,6,paid,brand,False,,,,,,,,71.21143102707349
5,SEEG,Website,,,,4161.0,1041619.0,,,340093.0,,,6,earned,owned,True,,,,,,,250.32900745013217,
5,SEIL,Influencer,23731.0,,,140.0,55326.0,,4.556666666666667,,,,6,paid,response,True,,,,,169.50714285714287,2.3313808941890355,395.1857142857143,
5,SEIL,PR,0.0,,,,,,,,239.0,30.0,6,earned,brand,False,,,,,,,,
5,SEIL,Paid Social,85173.0,2996522.0,39872.0,3594.0,909489.0,,1.345,,,,6,paid,response,True,28.423952835987855,2.1361607142857144,0.013306092863659937,0.0901384430176565,23.698664440734557,10.678137437920467,253.0575959933222,
5,SEIL,Search,84961.0,1946712.0,33576.0,4695.0,1916267.0,,1.695,,,,6,paid,response,True,43.64333296347893,2.5304086252084823,0.01724754355035568,0.13983202287348107,18.096059637912674,22.554666258636317,408.1505857294995,
5,SEIL,TV,182839.0,,,,,3010.0,,,,,6,paid,brand,False,,,,,,,,60.743853820598005
5,SEIL,Website,,,,4722.0,1517159.0,,,366240.0,,,6,earned,owned,True,,,,,,,321.29584921643374,
5,SELV,Influencer,22665.0,,,140.0,44548.0,,3.7283333333333335,,,,6,paid,response,True,,,,,161.89285714285714,1.9654974630487536,318.2,
5,SELV,PR,0.0,,,,,,,,269.0,27.183333333333334,6,earned,brand,False,,,,,,,,
5,SELV,Paid Social,114209.0,2972375.0,32056.0,3154.0,852250.0,,1.1316666666666666,,,,6,paid,response,True,38.42348290508431,3.5627963563763414,0.010784641910929812,0.09839031694534564,36.21084337349398,7.462196499400222,270.21242866201646,
5,SELV,Search,80185.0,2187865.0,38573.0,4914.0,1917536.0,,1.8666666666666665,,,,6,paid,response,True,36.64988470495209,2.0787856791019625,0.017630429665450108,0.12739480984108054,16.317663817663817,23.913899108312027,390.2189662189662,
5,SELV,TV,213198.0,,,,,2609.0,,,,,6,paid,brand,False,,,,,,,,81.71636642391721
5,SELV,Website,,,,4801.0,1699139.0,,,400859.0,,,6,earned,owned,True,,,,,,,353.9135596750677,
5,SEMAG,Influencer,25961.0,,,115.0,38282.0,,3.486666666666667,,,,6,paid,response,True,,,,,225.7478260869565,1.4745965101498402,332.88695652173914,
5,SEMAG,PR,0.0,,,,,,,,253.0,37.550000000000004,6,earned,brand,False,,,,,,,,
5,SEMAG,Paid Social,86418.0,2354096.0,24639.0,2087.0,599469.0,,1.0883333333333334,,,,6,paid,response,True,36.70963291216671,3.5073663703884086,0.010466438072194167,0.08470311295101263,41.40776233828462,6.936853433312504,287.23957834211785,
5,SEMAG,Search,67653.0,1689891.0,24698.0,3513.0,1243286.0,,1.4983333333333333,,,,6,paid,response,True,40.033943017626584,2.7392096526034497,0.014615143816968077,0.14223823791400114,19.25789923142613,18.377396419966594,353.910048391688,
5,SEMAG,TV,160966.0,,,,,2507.0,,,,,6,paid,brand,False,,,,,,,,64.20662145991224
5,SEMAG,Website,,,,3617.0,1242095.0,,,284753.0,,,6,earned,owned,True,,,,,,,343.4047553220901,
5,SEPAK,Influencer,23101.0,,,136.0,44141.0,,4.573333333333333,,,,6,paid,response,True,,,,,169.86029411764707,1.9107830829834207,324.56617647058823,
5,SEPAK,PR,0.0,,,,,,,,159.0,26.866666666666664,6,earned,brand,False,,,,,,,,
5,SEPAK,Paid Social,60881.0,2562257.0,33497.0,2636.0,742759.0,,1.3633333333333333,,,,6,paid,response,True,23.760692233448868,1.8175060453174912,0.013073239725757408,0.07869361435352419,23.09597875569044,12.200177395246465,281.7750379362671,
5,SEPAK,Search,58139.0,1662658.0,26868.0,3855.0,1794182.0,,1.5899999999999999,,,,6,paid,response,True,34.96750384023654,2.1638752419234777,0.016159667231625506,0.14347923179991068,15.081452658884565,30.86021431397169,465.4168612191958,
5,SEPAK,TV,172496.0,,,,,2206.0,,,,,6,paid,brand,False,,,,,,,,78.19401631912964
5,SEPAK,Website,,,,2769.0,926183.0,,,249950.0,,,6,earned,owned,True,,,,,,,334.48284579270495,
5,SESAR,Influencer,27159.0,,,107.0,39936.0,,4.211666666666667,,,,6,paid,response,True,,,,,253.82242990654206,1.4704517839390256,373.23364485981307,
5,SESAR,PR,0.0,,,,,,,,248.0,36.800000000000004,6,earned,brand,False,,,,,,,,
5,SESAR,Paid Social,62908.0,2997939.0,40501.0,3643.0,1205224.0,,1.115,,,,6,paid,response,True,20.983749169012444,1.5532455988741019,0.01350961443845255,0.08994839633589294,17.268185561350535,19.158517199720226,330.8328300850947,
5,SESAR,Search,66741.0,1999864.0,33733.0,4496.0,1687905.0,,1.6966666666666665,,,,6,paid,response,True,33.372769348315686,1.9785076927637626,0.016867646999996,0.13328194942637772,14.84452846975089,25.29037623050299,375.4237099644128,
5,SESAR,TV,168482.0,,,,,2460.0,,,,,6,paid,brand,False,,,,,,,,68.48861788617886
5,SESAR,Website,,,,4030.0,1248708.0,,,283293.0,,,6,earned,owned,True,,,,,,,309.8531017369727,
5,SETK,Influencer,25872.0,,,149.0,43070.0,,4.173333333333333,,,,6,paid,response,True,,,,,173.63758389261744,1.6647340754483613,289.06040268456377,
5,SETK,PR,0.0,,,,,,,,261.0,27.766666666666666,6,earned,brand,False,,,,,,,,
5,SETK,Paid Social,91899.0,3249459.0,35991.0,2634.0,787176.0,,1.0666666666666667,,,,6,paid,response,True,28.281323137174525,2.5533883470867718,0.011075997573749968,0.07318496290739351,34.88952164009112,8.56566447948291,298.8519362186788,
5,SETK,Search,83950.0,2209735.0,33800.0,4299.0,1793588.0,,1.555,,,,6,paid,response,True,37.990980818966975,2.4837278106508878,0.015295951777023037,0.12718934911242605,19.527797162130728,21.3649553305539,417.21051407304026,
5,SETK,TV,174123.0,,,,,2447.0,,,,,6,paid,brand,False,,,,,,,,71.1577441765427
5,SETK,Website,,,,4491.0,1502508.0,,,354251.0,,,6,earned,owned,True,,,,,,,334.55978623914496,
5,SGE,Influencer,31836.0,,,84.0,24926.0,,3.5383333333333336,,,,6,paid,response,True,,,,,379.0,0.7829501193617289,296.73809523809524,
5,SGE,PR,0.0,,,,,,,,280.0,39.86666666666667,6,earned,brand,False,,,,,,,,
5,SGE,Paid Social,90898.0,3679573.0,43066.0,2442.0,529851.0,,1.05,,,,6,paid,response,True,24.70340987935285,2.1106673477917615,0.011704075445710685,0.05670366414340779,37.222768222768224,5.82907214680191,216.97420147420146,
5,SGE,Search,91463.0,2394082.0,35869.0,4521.0,1845153.0,,1.5566666666666666,,,,6,paid,response,True,38.20378750602527,2.549917756279796,0.014982360671021292,0.12604198611614487,20.23070117230701,20.173764254397952,408.129396151294,
5,SGE,TV,242861.0,,,,,2600.0,,,,,6,paid,brand,False,,,,,,,,93.40807692307692
5,SGE,Website,,,,4122.0,1432513.0,,,318407.0,,,6,earned,owned,True,,,,,,,347.5286268801553,
6,SEEG,B2B Roadshow,31737.0,62786.0,,278.0,77660.0,,5.935,,,,6,paid,brand,True,505.47892842353394,,,,114.16187050359713,2.4469861675646722,279.3525179856115,
6,SEEG,Influencer,19566.0,,,141.0,50969.0,,3.9183333333333334,,,,6,paid,response,True,,,,,138.7659574468085,2.6049780231012982,361.4822695035461,
6,SEEG,PR,0.0,,,,,,,,188.0,29.55,6,earned,brand,False,,,,,,,,
6,SEEG,Paid Social,70624.0,2198552.0,25269.0,1636.0,401909.0,,1.1583333333333334,,,,6,paid,response,True,32.122960930648894,2.79488701571095,0.0114934738864489,0.06474336143100241,43.168704156479215,5.69082748074309,245.66564792176038,
6,SEEG,Retail,25262.0,107552.0,,468.0,246323.0,,4.023333333333333,,,,6,paid,response,True,234.88173162749183,,,,53.97863247863248,9.750732325231573,526.3311965811965,
6,SEEG,Search,69815.0,1601986.0,27013.0,3754.0,1617702.0,,1.7066666666666668,,,,6,paid,response,True,43.58028097623824,2.5844963536075225,0.016862194800703625,0.13897012549513196,18.59749600426212,23.171266919716395,430.9275439531167,
6,SEEG,TV,164731.0,,,,,1948.0,,,,,6,paid,brand,False,,,,,,,,84.5641683778234
6,SEEG,Website,,,,3465.0,1202108.0,,,255872.0,,,6,earned,owned,True,,,,,,,346.9287157287157,
6,SEIL,B2B Roadshow,31602.0,83732.0,,306.0,141256.0,,6.609999999999999,,,,6,paid,brand,True,377.4184302297807,,,,103.27450980392157,4.4698436807796975,461.62091503267976,
6,SEIL,Influencer,23782.0,,,137.0,40610.0,,4.161666666666666,,,,6,paid,response,True,,,,,173.5912408759124,1.707593978639307,296.42335766423355,
6,SEIL,PR,0.0,,,,,,,,181.0,31.633333333333336,6,earned,brand,False,,,,,,,,
6,SEIL,Paid Social,74225.0,3170311.0,34110.0,2638.0,735219.0,,1.1833333333333333,,,,6,paid,response,True,23.41252955940285,2.176048079742011,0.0107591968106599,0.077338024039871,28.136846095526913,9.905274503199731,278.70318423047763,
6,SEIL,Retail,23166.0,124605.0,,629.0,181276.0,,3.8166666666666664,,,,6,paid,response,True,185.9154929577465,,,,36.829888712241655,7.825088491755158,288.1971383147854,
6,SEIL,Search,74320.0,1882820.0,32025.0,4369.0,1719791.0,,1.7083333333333333,,,,6,paid,response,True,39.472705834864726,2.3206869633099143,0.01700906087676995,0.1364246682279469,17.01075761043717,23.14035252960172,393.63492790112156,
6,SEIL,TV,175731.0,,,,,2455.0,,,,,6,paid,brand,False,,,,,,,,71.58085539714868
6,SEIL,Website,,,,3999.0,1276920.0,,,299646.0,,,6,earned,owned,True,,,,,,,319.30982745686424,
6,SELV,B2B Roadshow,33386.0,88793.0,,323.0,134700.0,,4.293333333333333,,,,6,paid,brand,True,375.9981079589607,,,,103.36222910216718,4.034625292038579,417.0278637770898,
6,SELV,Influencer,23495.0,,,246.0,89361.0,,5.053333333333334,,,,6,paid,response,True,,,,,95.50813008130082,3.8034049797829326,363.2560975609756,
6,SELV,PR,0.0,,,,,,,,184.0,24.650000000000002,6,earned,brand,False,,,,,,,,
6,SELV,Paid Social,84049.0,2765399.0,30796.0,2223.0,621077.0,,1.1883333333333332,,,,6,paid,response,True,30.393082517206377,2.729218080270165,0.011136186857665023,0.0721846993115989,37.80881691408007,7.389463289271735,279.3868645973909,
6,SELV,Retail,21327.0,124855.0,,768.0,209330.0,,3.1766666666666663,,,,6,paid,response,True,170.8141444075127,,,,27.76953125,9.815257654616214,272.5651041666667,
6,SELV,Search,90905.0,1940998.0,33006.0,4450.0,1695237.0,,1.68,,,,6,paid,response,True,46.83415438861864,2.754196206750288,0.017004654306702015,0.13482397139913954,20.42808988764045,18.648446180078103,380.9521348314607,
6,SELV,TV,160348.0,,,,,2923.0,,,,,6,paid,brand,False,,,,,,,,54.85733835100924
6,SELV,Website,,,,4641.0,1575721.0,,,359341.0,,,6,earned,owned,True,,,,,,,339.5218702865762,
6,SEMAG,B2B Roadshow,30102.0,64891.0,,264.0,110281.0,,5.71,,,,6,paid,brand,True,463.8855927632491,,,,114.02272727272727,3.663577170952096,417.7310606060606,
6,SEMAG,Influencer,19757.0,,,149.0,36877.0,,4.31,,,,6,paid,response,True,,,,,132.59731543624162,1.866528319076783,247.49664429530202,
6,SEMAG,PR,0.0,,,,,,,,183.0,34.28333333333333,6,earned,brand,False,,,,,,,,
6,SEMAG,Paid Social,55528.0,2254586.0,30004.0,2494.0,635524.0,,1.0766666666666667,,,,6,paid,response,True,24.628911915535713,1.8506865751233168,0.013307986477339964,0.08312225036661779,22.264635124298316,11.44510877395188,254.82117080994388,
6,SEMAG,Retail,25020.0,113259.0,,390.0,132999.0,,4.411666666666666,,,,6,paid,response,True,220.9095965883506,,,,64.15384615384616,5.315707434052758,341.0230769230769,
6,SEMAG,Search,44758.0,1413568.0,22783.0,3172.0,1123130.0,,1.6116666666666666,,,,6,paid,response,True,31.663138950513876,1.9645349602773998,0.016117371078009687,0.1392266163367423,14.110340479192939,25.09339112560883,354.0762925598991,
6,SEMAG,TV,136422.0,,,,,1792.0,,,,,6,paid,brand,False,,,,,,,,76.12834821428571
6,SEMAG,Website,,,,3286.0,1187913.0,,,229166.0,,,6,earned,owned,True,,,,,,,361.5073037127206,
6,SEPAK,B2B Roadshow,28695.0,49101.0,,268.0,120723.0,,6.18,,,,6,paid,brand,True,584.407649538706,,,,107.07089552238806,4.207109252483011,450.4589552238806,
6,SEPAK,Influencer,20531.0,,,149.0,59741.0,,4.181666666666667,,,,6,paid,response,True,,,,,137.79194630872485,2.9097949442306756,400.9463087248322,
6,SEPAK,PR,0.0,,,,,,,,190.0,23.28333333333333,6,earned,brand,False,,,,,,,,
6,SEPAK,Paid Social,64080.0,2347011.0,29485.0,1966.0,505880.0,,1.1883333333333332,,,,6,paid,response,True,27.30281195955196,2.173308461929795,0.012562787306919312,0.06667797185009326,32.5940996948118,7.894506866416979,257.3143438453713,
6,SEPAK,Retail,22064.0,91790.0,,393.0,150460.0,,4.248333333333333,,,,6,paid,response,True,240.3747684932999,,,,56.14249363867685,6.819253081943438,382.8498727735369,
6,SEPAK,Search,56826.0,1410738.0,24292.0,2590.0,1051734.0,,1.75,,,,6,paid,response,True,40.28104438953229,2.3392886547011362,0.01721935611006438,0.10661946319776058,21.94054054054054,18.507971703093656,406.07490347490346,
6,SEPAK,TV,131883.0,,,,,1511.0,,,,,6,paid,brand,False,,,,,,,,87.2819324950364
6,SEPAK,Website,,,,3078.0,1022653.0,,,224512.0,,,6,earned,owned,True,,,,,,,332.2459389213775,
6,SESAR,B2B Roadshow,35160.0,74762.0,,393.0,139753.0,,5.62,,,,6,paid,brand,True,470.2923945319815,,,,89.46564885496183,3.9747724687144483,355.6055979643766,
6,SESAR,Influencer,26746.0,,,157.0,58766.0,,4.215,,,,6,paid,response,True,,,,,170.35668789808918,2.1971883646152697,374.30573248407643,
6,SESAR,PR,0.0,,,,,,,,192.0,33.833333333333336,6,earned,brand,False,,,,,,,,
6,SESAR,Paid Social,73254.0,2576261.0,32541.0,2834.0,771892.0,,1.175,,,,6,paid,response,True,28.434230848504868,2.2511293445192218,0.01263109599532035,0.087090132448296,25.848270995059988,10.537199333824773,272.3683839096683,
6,SESAR,Retail,19465.0,127528.0,,593.0,223331.0,,4.066666666666666,,,,6,paid,response,True,152.63314723041216,,,,32.824620573355816,11.473465193937837,376.61214165261384,
6,SESAR,Search,62095.0,1813240.0,31226.0,3934.0,1634305.0,,1.7166666666666668,,,,6,paid,response,True,34.24532880368843,1.9885672196246718,0.01722110696874104,0.1259847562928329,15.784189120488053,26.319429905789516,415.43085917641076,
6,SESAR,TV,192589.0,,,,,2417.0,,,,,6,paid,brand,False,,,,,,,,79.68100951592884
6,SESAR,Website,,,,4343.0,1453721.0,,,330011.0,,,6,earned,owned,True,,,,,,,334.7273773889017,
6,SETK,B2B Roadshow,35966.0,62636.0,,394.0,169331.0,,5.52,,,,6,paid,brand,True,574.2065265981224,,,,91.28426395939087,4.708085414002113,429.7741116751269,
6,SETK,Influencer,22980.0,,,148.0,59417.0,,4.501666666666667,,,,6,paid,response,True,,,,,155.27027027027026,2.585596170583116,401.4662162162162,
6,SETK,PR,0.0,,,,,,,,171.0,31.216666666666665,6,earned,brand,False,,,,,,,,
6,SETK,Paid Social,71966.0,2253925.0,27310.0,2017.0,513642.0,,1.075,,,,6,paid,response,True,31.92919019044556,2.6351519589893813,0.012116640970751023,0.07385573050164775,35.679722359940506,7.137287052219103,254.6564204263758,
6,SETK,Retail,20579.0,107955.0,,543.0,181327.0,,3.9466666666666668,,,,6,paid,response,True,190.62572368116346,,,,37.898710865561696,8.811263909810972,333.9355432780847,
6,SETK,Search,64400.0,1586991.0,27872.0,2892.0,1222672.0,,1.6716666666666666,,,,6,paid,response,True,40.57994027691399,2.3105625717566016,0.01756279651239358,0.10376004592422503,22.26832641770401,18.9855900621118,422.777316735823,
6,SETK,TV,204286.0,,,,,2315.0,,,,,6,paid,brand,False,,,,,,,,88.24449244060474
6,SETK,Website,,,,4024.0,1421727.0,,,294836.0,,,6,earned,owned,True,,,,,,,353.3118787276342,
6,SGE,B2B Roadshow,29021.0,73551.0,,482.0,142434.0,,5.201666666666667,,,,6,paid,brand,True,394.5697543201316,,,,60.20954356846473,4.907963199062747,295.50622406639,
6,SGE,Influencer,22855.0,,,139.0,45434.0,,4.301666666666667,,,,6,paid,response,True,,,,,164.42446043165467,1.987923867862612,326.863309352518,
6,SGE,PR,0.0,,,,,,,,235.0,34.63333333333333,6,earned,brand,False,,,,,,,,
6,SGE,Paid Social,79545.0,3004352.0,35578.0,2892.0,682297.0,,1.05,,,,6,paid,response,True,26.47659129156637,2.235791781437967,0.01184215431480732,0.08128618809376581,27.505186721991702,8.577497014268653,235.9256569847856,
6,SGE,Retail,20403.0,135321.0,,474.0,297153.0,,3.845,,,,6,paid,response,True,150.7748243066486,,,,43.04430379746835,14.564181737979709,626.9050632911392,
6,SGE,Search,82002.0,2183924.0,40465.0,5956.0,2719843.0,,1.8783333333333332,,,,6,paid,response,True,37.54800991243285,2.026492030149512,0.01852857517019823,0.1471889287038181,13.767965077233042,33.168008097363476,456.65597716588314,
6,SGE,TV,188918.0,,,,,2850.0,,,,,6,paid,brand,False,,,,,,,,66.28701754385965
6,SGE,Website,,,,4475.0,1638970.0,,,366278.0,,,6,earned,owned,True,,,,,,,366.25027932960893,
7,SEEG,Influencer,22280.0,,,128.0,41034.0,,3.8249999999999997,,,,6,paid,response,True,,,,,174.0625,1.841741472172352,320.578125,
7,SEEG,PR,0.0,,,,,,,,171.0,30.8,6,earned,brand,False,,,,,,,,
7,SEEG,Paid Social,68249.0,2194686.0,23772.0,2271.0,539275.0,,1.3416666666666668,,,,6,paid,response,True,31.097387052179673,2.870982668685849,0.010831617825966904,0.09553255931347804,30.05239982386614,7.901580975545429,237.4614707177455,
7,SEEG,Search,68488.0,1723679.0,30582.0,3897.0,1739650.0,,1.765,,,,6,paid,response,True,39.733616293985136,2.239487280099405,0.017742282640793326,0.1274278987639788,17.574544521426738,25.400800140170542,446.4074929432897,
7,SEEG,TV,141317.0,,,,,1691.0,,,,,6,paid,brand,False,,,,,,,,83.57007687758723
7,SEEG,Website,,,,3028.0,1022303.0,,,252732.0,,,6,earned,owned,True,,,,,,,337.6165785997358,
7,SEIL,Influencer,18771.0,,,165.0,49160.0,,4.221666666666667,,,,6,paid,response,True,,,,,113.76363636363637,2.618933461190134,297.93939393939394,
7,SEIL,PR,0.0,,,,,,,,214.0,24.03333333333333,6,earned,brand,False,,,,,,,,
7,SEIL,Paid Social,86329.0,2816358.0,31214.0,2179.0,601980.0,,1.0483333333333333,,,,6,paid,response,True,30.65270821394155,2.7657141026462484,0.011083108042372454,0.06980841929903249,39.61863240018357,6.97309131346361,276.26434144102797,
7,SEIL,Search,58099.0,1598810.0,30362.0,4095.0,1671403.0,,1.9100000000000001,,,,6,paid,response,True,36.33890205840594,1.9135432448455305,0.01899037409072998,0.13487253804097227,14.187789987789987,28.768188781218264,408.15702075702075,
7,SEIL,TV,161482.0,,,,,2354.0,,,,,6,paid,brand,False,,,,,,,,68.59898045879355
7,SEIL,Website,,,,3512.0,1083271.0,,,269510.0,,,6,earned,owned,True,,,,,,,308.4484624145786,
7,SELV,Influencer,24000.0,,,138.0,41104.0,,3.926666666666667,,,,6,paid,response,True,,,,,173.91304347826087,1.7126666666666666,297.8550724637681,
7,SELV,PR,0.0,,,,,,,,161.0,29.583333333333332,6,earned,brand,False,,,,,,,,
7,SELV,Paid Social,94261.0,2851461.0,35060.0,2904.0,973393.0,,1.1066666666666667,,,,6,paid,response,True,33.05708898000008,2.688562464346834,0.012295451349325836,0.08282943525385054,32.45902203856749,10.326571965075694,335.1904269972452,
7,SELV,Search,75851.0,2164872.0,36382.0,4226.0,1676989.0,,1.6833333333333333,,,,6,paid,response,True,35.037175408061074,2.0848496509262824,0.016805612525821387,0.11615634104777088,17.948651206814954,22.108989993539968,396.82654992901087,
7,SELV,TV,180798.0,,,,,2383.0,,,,,6,paid,brand,False,,,,,,,,75.86991187578683
7,SELV,Website,,,,4019.0,1468792.0,,,297349.0,,,6,earned,owned,True,,,,,,,365.4620552376213,
7,SEMAG,Influencer,13210.0,,,217.0,87467.0,,4.733333333333333,,,,6,paid,response,True,,,,,60.87557603686636,6.621271763815291,403.073732718894,
7,SEMAG,PR,0.0,,,,,,,,110.0,30.599999999999998,6,earned,brand,False,,,,,,,,
7,SEMAG,Paid Social,50438.0,1829838.0,18912.0,1577.0,434410.0,,1.25,,,,6,paid,response,True,27.5641887423914,2.6669839255499155,0.01033534116134871,0.08338620981387479,31.983512999365885,8.612752289940124,275.46607482561825,
7,SEMAG,Search,54343.0,1359710.0,22264.0,3110.0,1175971.0,,1.6183333333333332,,,,6,paid,response,True,39.96661052724478,2.4408462091268417,0.01637407976700914,0.13968738771110312,17.47363344051447,21.63978801317557,378.1257234726688,
7,SEMAG,TV,132650.0,,,,,1878.0,,,,,6,paid,brand,False,,,,,,,,70.63365282215122
7,SEMAG,Website,,,,2967.0,962416.0,,,229843.0,,,6,earned,owned,True,,,,,,,324.37344118638356,
7,SEPAK,Influencer,14026.0,,,142.0,53338.0,,4.1883333333333335,,,,6,paid,response,True,,,,,98.77464788732394,3.8027948096392414,375.61971830985914,
7,SEPAK,PR,0.0,,,,,,,,162.0,29.633333333333336,6,earned,brand,False,,,,,,,,
7,SEPAK,Paid Social,60406.0,1756090.0,20210.0,1771.0,550507.0,,1.1633333333333333,,,,6,paid,response,True,34.39800921365078,2.988916378030678,0.011508521772802077,0.08762988619495299,34.108413325804634,9.113448995132934,310.84528514963296,
7,SEPAK,Search,51564.0,1453119.0,27729.0,3472.0,1194987.0,,1.9216666666666669,,,,6,paid,response,True,35.48504974472152,1.8595694038732014,0.01908240137249599,0.1252118720473151,14.851382488479263,23.17483127763556,344.17828341013825,
7,SEPAK,TV,133213.0,,,,,1532.0,,,,,6,paid,brand,False,,,,,,,,86.95365535248042
7,SEPAK,Website,,,,3710.0,1291255.0,,,274967.0,,,6,earned,owned,True,,,,,,,348.04716981132077,
7,SESAR,Influencer,19721.0,,,128.0,49715.0,,3.9433333333333334,,,,6,paid,response,True,,,,,154.0703125,2.520916789209472,388.3984375,
7,SESAR,PR,0.0,,,,,,,,213.0,30.316666666666666,6,earned,brand,False,,,,,,,,
7,SESAR,Paid Social,58698.0,2438185.0,25612.0,2123.0,568232.0,,1.25,,,,6,paid,response,True,24.074465227207945,2.291816336092457,0.010504535135766975,0.08289083242230205,27.648610456900613,9.680602405533408,267.6552048987282,
7,SESAR,Search,59847.0,1707338.0,28898.0,4043.0,1669937.0,,1.6783333333333335,,,,6,paid,response,True,35.0528132098038,2.0709737698110597,0.01692576396706452,0.13990587583915842,14.802621815483551,27.90343709793306,413.044026712837,
7,SESAR,TV,155908.0,,,,,1976.0,,,,,6,paid,brand,False,,,,,,,,78.90080971659918
7,SESAR,Website,,,,4187.0,1056574.0,,,311707.0,,,6,earned,owned,True,,,,,,,252.34631000716504,
7,SETK,Influencer,22755.0,,,184.0,64004.0,,4.663333333333333,,,,6,paid,response,True,,,,,123.66847826086956,2.812744451768842,347.8478260869565,
7,SETK,PR,0.0,,,,,,,,218.0,25.75,6,earned,brand,False,,,,,,,,
7,SETK,Paid Social,69376.0,2011388.0,23029.0,1871.0,466196.0,,1.0233333333333334,,,,6,paid,response,True,34.49160480225595,3.0125493942420425,0.01144930764228483,0.0812453862521169,37.079636557990376,6.719845479704797,249.16942811330838,
7,SETK,Search,58199.0,1515286.0,25103.0,3096.0,1315880.0,,1.6933333333333334,,,,6,paid,response,True,38.407930912052244,2.318408158387444,0.016566509556611757,0.1233318726845397,18.79812661498708,22.610010481279748,425.02583979328165,
7,SETK,TV,179034.0,,,,,1686.0,,,,,6,paid,brand,False,,,,,,,,106.18861209964413
7,SETK,Website,,,,3520.0,1317375.0,,,251067.0,,,6,earned,owned,True,,,,,,,374.2542613636364,
7,SGE,Influencer,26939.0,,,159.0,58508.0,,4.151666666666666,,,,6,paid,response,True,,,,,169.42767295597486,2.1718697798730466,367.97484276729557,
7,SGE,PR,0.0,,,,,,,,211.0,28.266666666666666,6,earned,brand,False,,,,,,,,
7,SGE,Paid Social,83682.0,2971415.0,35050.0,3337.0,912949.0,,1.0683333333333334,,,,6,paid,response,True,28.162340164534406,2.387503566333809,0.01179572695163752,0.09520684736091298,25.077015283188494,10.909741640974165,273.583757866347,
7,SGE,Search,76926.0,1920077.0,34045.0,3935.0,1399398.0,,1.7666666666666666,,,,6,paid,response,True,40.06401826593413,2.2595388456454693,0.017731059743958184,0.11558231752092818,19.54917407878018,18.191482723656502,355.6284625158831,
7,SGE,TV,192051.0,,,,,2324.0,,,,,6,paid,brand,False,,,,,,,,82.6381239242685
7,SGE,Website,,,,3128.0,981318.0,,,244165.0,,,6,earned,owned,True,,,,,,,313.72058823529414,
8,SEEG,B2B Roadshow,31603.0,51268.0,,238.0,119732.0,,4.266666666666667,,,,6,paid,brand,True,616.4274011079036,,,,132.78571428571428,3.7886276619308292,503.07563025210084,
8,SEEG,Influencer,18969.0,,,110.0,32025.0,,4.408333333333333,,,,6,paid,response,True,,,,,172.44545454545454,1.6882808793294322,291.1363636363636,
8,SEEG,PR,0.0,,,,,,,,162.0,26.25,6,earned,brand,False,,,,,,,,
8,SEEG,Paid Social,56076.0,2002033.0,21494.0,2143.0,573196.0,,1.0666666666666667,,,,6,paid,response,True,28.009528314468344,2.608914115567135,0.01073608676780053,0.09970224248627524,26.16705552963136,10.221770454383337,267.4736350909939,
8,SEEG,Search,49032.0,1231981.0,18430.0,2666.0,1072114.0,,1.4749999999999999,,,,6,paid,response,True,39.79931508683981,2.6604449267498644,0.014959646293246406,0.14465545306565383,18.391597899474867,21.865597976831456,402.1432858214554,
8,SEEG,TV,142014.0,,,,,1820.0,,,,,6,paid,brand,False,,,,,,,,78.02967032967032
8,SEEG,Website,,,,3075.0,992133.0,,,240147.0,,,6,earned,owned,True,,,,,,,322.64487804878047,
8,SEIL,B2B Roadshow,33513.0,63250.0,,298.0,113593.0,,5.859999999999999,,,,6,paid,brand,True,529.8498023715415,,,,112.45973154362416,3.38952048458807,381.1845637583893,
8,SEIL,Influencer,18681.0,,,119.0,52893.0,,4.316666666666666,,,,6,paid,response,True,,,,,156.98319327731093,2.831379476473422,444.47899159663865,
8,SEIL,PR,0.0,,,,,,,,155.0,25.8,6,earned,brand,False,,,,,,,,
8,SEIL,Paid Social,76343.0,2385913.0,25414.0,2025.0,591777.0,,1.23,,,,6,paid,response,True,31.997394708021627,3.003974187455733,0.010651687634880232,0.07968049106791532,37.700246913580244,7.751555479873728,292.23555555555555,
8,SEIL,Search,75292.0,1358416.0,22414.0,3010.0,1145342.0,,1.6516666666666666,,,,6,paid,response,True,55.426320066901454,3.359150530918176,0.016500100116606402,0.13429106808244848,25.013953488372092,15.21200127503586,380.51229235880396,
8,SEIL,TV,164323.0,,,,,2236.0,,,,,6,paid,brand,False,,,,,,,,73.48971377459749
8,SEIL,Website,,,,4085.0,1229193.0,,,294633.0,,,6,earned,owned,True,,,,,,,300.9040391676867,
8,SELV,B2B Roadshow,32075.0,55590.0,,297.0,100449.0,,4.216666666666667,,,,6,paid,brand,True,576.9922647958266,,,,107.996632996633,3.131691348402182,338.2121212121212,
8,SELV,Influencer,20746.0,,,200.0,56902.0,,4.735,,,,6,paid,response,True,,,,,103.73,2.7427937915742793,284.51,
8,SELV,PR,0.0,,,,,,,,215.0,32.36666666666667,6,earned,brand,False,,,,,,,,
8,SELV,Paid Social,73414.0,2294149.0,26165.0,2098.0,496393.0,,1.2283333333333333,,,,6,paid,response,True,32.00053701830177,2.8058092872157463,0.011405100540549024,0.0801834511752341,34.99237368922783,6.761557741030321,236.60295519542422,
8,SELV,Search,63095.0,1571734.0,28073.0,3118.0,1380854.0,,1.7700000000000002,,,,6,paid,response,True,40.143561187834585,2.2475332169700426,0.01786116480269562,0.11106757382538382,20.235728030788966,21.885315793644505,442.86529826812057,
8,SELV,TV,149478.0,,,,,2247.0,,,,,6,paid,brand,False,,,,,,,,66.5233644859813
8,SELV,Website,,,,3355.0,1016002.0,,,271790.0,,,6,earned,owned,True,,,,,,,302.83219076005963,
8,SEMAG,B2B Roadshow,35833.0,50236.0,,225.0,81340.0,,4.363333333333333,,,,6,paid,brand,True,713.2932558324707,,,,159.2577777777778,2.2699746044149247,361.5111111111111,
8,SEMAG,Influencer,16329.0,,,187.0,70650.0,,4.733333333333333,,,,6,paid,response,True,,,,,87.32085561497327,4.326658092963439,377.80748663101605,
8,SEMAG,PR,0.0,,,,,,,,142.0,29.099999999999998,6,earned,brand,False,,,,,,,,
8,SEMAG,Paid Social,49689.0,1964827.0,24259.0,2226.0,565472.0,,1.1583333333333334,,,,6,paid,response,True,25.289249384296937,2.0482707448781894,0.012346634080252357,0.09175975926460282,22.32210242587601,11.380224999496871,254.0305480682839,
8,SEMAG,Search,57375.0,1250027.0,20229.0,2796.0,1145908.0,,1.5966666666666667,,,,6,paid,response,True,45.89900858141464,2.836274655197983,0.01618285045043027,0.1382174106480795,20.52038626609442,19.97225272331155,409.83834048640915,
8,SEMAG,TV,120065.0,,,,,1560.0,,,,,6,paid,brand,False,,,,,,,,76.96474358974359
8,SEMAG,Website,,,,2873.0,989357.0,,,227092.0,,,6,earned,owned,True,,,,,,,344.3637312913331,
8,SEPAK,B2B Roadshow,34533.0,45076.0,,192.0,86296.0,,4.781666666666666,,,,6,paid,brand,True,766.1061318661816,,,,179.859375,2.4989430399907335,449.4583333333333,
8,SEPAK,Influencer,12693.0,,,115.0,41776.0,,4.095,,,,6,paid,response,True,,,,,110.37391304347825,3.291262900811471,363.2695652173913,
8,SEPAK,PR,0.0,,,,,,,,115.0,35.583333333333336,6,earned,brand,False,,,,,,,,
8,SEPAK,Paid Social,57865.0,1557897.0,17961.0,1112.0,325948.0,,1.0883333333333332,,,,6,paid,response,True,37.14302036655825,3.2217025778074717,0.011529003522055695,0.0619119202716998,52.03687050359712,5.632904173507302,293.11870503597123,
8,SEPAK,Search,42580.0,1320304.0,19435.0,2115.0,927702.0,,1.4716666666666667,,,,6,paid,response,True,32.25014845065985,2.190892719320813,0.014720094766053878,0.10882428608181116,20.13238770685579,21.78727101925787,438.62978723404257,
8,SEPAK,TV,141372.0,,,,,1454.0,,,,,6,paid,brand,False,,,,,,,,97.22971114167812
8,SEPAK,Website,,,,2707.0,901950.0,,,199595.0,,,6,earned,owned,True,,,,,,,333.19172515700035,
8,SESAR,B2B Roadshow,32276.0,50592.0,,311.0,115599.0,,5.193333333333333,,,,6,paid,brand,True,637.966476913346,,,,103.78135048231512,3.5815776428305863,371.7009646302251,
8,SESAR,Influencer,17350.0,,,136.0,49975.0,,3.935,,,,6,paid,response,True,,,,,127.57352941176471,2.8804034582132565,367.4632352941176,
8,SESAR,PR,0.0,,,,,,,,190.0,34.61666666666667,6,earned,brand,False,,,,,,,,
8,SESAR,Paid Social,62761.0,2590547.0,26543.0,1952.0,573632.0,,1.2066666666666668,,,,6,paid,response,True,24.226929679330272,2.3645028821158123,0.01024609860388559,0.0735410466036243,32.15215163934426,9.139943595545004,293.8688524590164,
8,SESAR,Search,61192.0,1592002.0,25023.0,3046.0,1268602.0,,1.5283333333333333,,,,6,paid,response,True,38.43713764178688,2.445430204212125,0.015717945077958446,0.12172801023058787,20.08929743926461,20.731500849784286,416.4812869336835,
8,SESAR,TV,173795.0,,,,,1892.0,,,,,6,paid,brand,False,,,,,,,,91.85782241014799
8,SESAR,Website,,,,3205.0,970015.0,,,230354.0,,,6,earned,owned,True,,,,,,,302.65678627145087,
8,SETK,B2B Roadshow,36595.0,60077.0,,293.0,123159.0,,6.591666666666666,,,,6,paid,brand,True,609.1349434891888,,,,124.89761092150171,3.365459762262604,420.33788395904435,
8,SETK,Influencer,18859.0,,,175.0,58385.0,,4.403333333333333,,,,6,paid,response,True,,,,,107.76571428571428,3.095869346200753,333.62857142857143,
8,SETK,PR,0.0,,,,,,,,158.0,31.666666666666668,6,earned,brand,False,,,,,,,,
8,SETK,Paid Social,62506.0,1780941.0,19526.0,1600.0,424708.0,,1.2533333333333332,,,,6,paid,response,True,35.09717615575137,3.2011676738707364,0.010963866854657172,0.08194202601659326,39.06625,6.794675711131731,265.4425,
8,SETK,Search,43707.0,1345809.0,23311.0,3438.0,1378207.0,,1.7299999999999998,,,,6,paid,response,True,32.47637666266164,1.874951739522114,0.017321180048580444,0.14748402041954442,12.712914485165793,31.532866588875923,400.87463641652124,
8,SETK,TV,125017.0,,,,,1628.0,,,,,6,paid,brand,False,,,,,,,,76.79176904176904
8,SETK,Website,,,,2294.0,641914.0,,,196695.0,,,6,earned,owned,True,,,,,,,279.82301656495207,
8,SGE,B2B Roadshow,30975.0,51957.0,,416.0,153690.0,,5.1433333333333335,,,,6,paid,brand,True,596.1660603960968,,,,74.45913461538461,4.961743341404358,369.44711538461536,
8,SGE,Influencer,18158.0,,,286.0,111391.0,,5.361666666666667,,,,6,paid,response,True,,,,,63.48951048951049,6.134541249036237,389.47902097902096,
8,SGE,PR,0.0,,,,,,,,210.0,24.816666666666666,6,earned,brand,False,,,,,,,,
8,SGE,Paid Social,78684.0,2679767.0,30376.0,2777.0,786281.0,,1.0983333333333334,,,,6,paid,response,True,29.362254255687155,2.590334474585199,0.011335313853779078,0.09142085857255729,28.33417356859921,9.992895633165574,283.14043932301047,
8,SGE,Search,82607.0,1644003.0,27054.0,3446.0,1025149.0,,1.5933333333333335,,,,6,paid,response,True,50.24747521750265,3.053411695128262,0.016456174350046808,0.12737487986988985,23.971851421938478,12.409953151669955,297.4895531050493,
8,SGE,TV,177676.0,,,,,2326.0,,,,,6,paid,brand,False,,,,,,,,76.38693035253654
8,SGE,Website,,,,5421.0,1804371.0,,,324757.0,,,6,earned,owned,True,,,,,,,332.84836745987826,
